-- --------------------------------------------------------
-- Host:                         localhost
-- Server version:               5.7.24 - MySQL Community Server (GPL)
-- Server OS:                    Win64
-- HeidiSQL Version:             10.2.0.5599
-- --------------------------------------------------------

/*!40101 SET @OLD_CHARACTER_SET_CLIENT=@@CHARACTER_SET_CLIENT */;
/*!40101 SET NAMES utf8 */;
/*!50503 SET NAMES utf8mb4 */;
/*!40014 SET @OLD_FOREIGN_KEY_CHECKS=@@FOREIGN_KEY_CHECKS, FOREIGN_KEY_CHECKS=0 */;
/*!40101 SET @OLD_SQL_MODE=@@SQL_MODE, SQL_MODE='NO_AUTO_VALUE_ON_ZERO' */;


-- Dumping database structure for site
CREATE DATABASE IF NOT EXISTS `site` /*!40100 DEFAULT CHARACTER SET utf8 COLLATE utf8_unicode_ci */;
USE `site`;

-- Dumping structure for table site.categories
DROP TABLE IF EXISTS `categories`;
CREATE TABLE IF NOT EXISTS `categories` (
  `id` bigint(20) unsigned NOT NULL AUTO_INCREMENT,
  `label` varchar(255) COLLATE utf8mb4_unicode_ci NOT NULL,
  `created_at` timestamp NULL DEFAULT NULL,
  `updated_at` timestamp NULL DEFAULT NULL,
  PRIMARY KEY (`id`)
) ENGINE=InnoDB AUTO_INCREMENT=51 DEFAULT CHARSET=utf8mb4 COLLATE=utf8mb4_unicode_ci;

-- Dumping data for table site.categories: ~50 rows (approximately)
/*!40000 ALTER TABLE `categories` DISABLE KEYS */;
REPLACE INTO `categories` (`id`, `label`, `created_at`, `updated_at`) VALUES
	(1, 'In et nihil hic est vitae.', '2019-10-31 08:07:22', '2019-10-31 08:07:22'),
	(2, 'Voluptas voluptatem et ut illo at et est autem nesciunt.', '2019-10-31 08:07:22', '2019-10-31 08:07:22'),
	(3, 'Consequatur repellendus aut sapiente placeat est excepturi et.', '2019-10-31 08:07:22', '2019-10-31 08:07:22'),
	(4, 'Enim iure eum dolores molestiae.', '2019-10-31 08:07:22', '2019-10-31 08:07:22'),
	(5, 'Quisquam autem dolorem quia dicta ea natus.', '2019-10-31 08:07:22', '2019-10-31 08:07:22'),
	(6, 'Ullam asperiores vitae adipisci corrupti commodi esse officia sunt consequatur.', '2019-10-31 08:07:22', '2019-10-31 08:07:22'),
	(7, 'Quasi aspernatur quia quia labore soluta eos est aut.', '2019-10-31 08:07:22', '2019-10-31 08:07:22'),
	(8, 'In maiores officiis aliquam qui cumque ut officiis sint.', '2019-10-31 08:07:22', '2019-10-31 08:07:22'),
	(9, 'Assumenda qui voluptatibus quos atque nesciunt harum itaque.', '2019-10-31 08:07:22', '2019-10-31 08:07:22'),
	(10, 'Maiores et ipsa sit sit vitae ut rerum.', '2019-10-31 08:07:22', '2019-10-31 08:07:22'),
	(11, 'Culpa rem est fugit quia temporibus atque reprehenderit iure perspiciatis.', '2019-10-31 08:07:22', '2019-10-31 08:07:22'),
	(12, 'Nihil tempora voluptatem quae dolore dolorem eum ea cumque accusamus dolore.', '2019-10-31 08:07:22', '2019-10-31 08:07:22'),
	(13, 'At rerum cum alias facere velit qui laborum.', '2019-10-31 08:07:22', '2019-10-31 08:07:22'),
	(14, 'Saepe optio accusantium quasi sunt aliquam.', '2019-10-31 08:07:22', '2019-10-31 08:07:22'),
	(15, 'Veritatis consequatur error vel sed consequatur accusantium alias debitis.', '2019-10-31 08:07:22', '2019-10-31 08:07:22'),
	(16, 'Deserunt rerum quia at dolorem ducimus voluptatem voluptatibus sequi harum nihil fugit.', '2019-10-31 08:07:22', '2019-10-31 08:07:22'),
	(17, 'Voluptas molestiae animi est ut labore.', '2019-10-31 08:07:22', '2019-10-31 08:07:22'),
	(18, 'Deserunt nulla dicta eveniet voluptate commodi.', '2019-10-31 08:07:22', '2019-10-31 08:07:22'),
	(19, 'Qui quasi occaecati et eum aperiam voluptatibus nihil voluptatibus hic.', '2019-10-31 08:07:22', '2019-10-31 08:07:22'),
	(20, 'Natus neque est ea et veniam eaque corporis et.', '2019-10-31 08:07:22', '2019-10-31 08:07:22'),
	(21, 'Veritatis harum natus perspiciatis est ducimus vero illum aut.', '2019-10-31 08:07:22', '2019-10-31 08:07:22'),
	(22, 'Consequuntur eaque tenetur alias minus aut consequatur reiciendis voluptatem asperiores qui.', '2019-10-31 08:07:22', '2019-10-31 08:07:22'),
	(23, 'Dignissimos aut officiis molestiae quidem aut ipsum earum velit eum rem ea.', '2019-10-31 08:07:22', '2019-10-31 08:07:22'),
	(24, 'Est nihil voluptas ea quam numquam consequatur velit ipsum.', '2019-10-31 08:07:22', '2019-10-31 08:07:22'),
	(25, 'Itaque nemo sed dolores eaque vitae asperiores voluptatem.', '2019-10-31 08:07:22', '2019-10-31 08:07:22'),
	(26, 'Minima eos autem sed aspernatur pariatur quo omnis et nemo sapiente.', '2019-10-31 08:07:23', '2019-10-31 08:07:23'),
	(27, 'Voluptatem hic voluptatem officia harum non optio magni pariatur aut.', '2019-10-31 08:07:23', '2019-10-31 08:07:23'),
	(28, 'Cumque optio rerum et aut officiis maiores facilis a qui.', '2019-10-31 08:07:23', '2019-10-31 08:07:23'),
	(29, 'Doloribus dolores aliquam sint dolores velit veniam quis.', '2019-10-31 08:07:23', '2019-10-31 08:07:23'),
	(30, 'Quod nihil dignissimos vel et non quia quia quo blanditiis.', '2019-10-31 08:07:23', '2019-10-31 08:07:23'),
	(31, 'Blanditiis est recusandae iure error numquam id quae quae unde.', '2019-10-31 08:07:23', '2019-10-31 08:07:23'),
	(32, 'Explicabo ducimus id consectetur vero expedita fugiat recusandae totam voluptatem.', '2019-10-31 08:07:23', '2019-10-31 08:07:23'),
	(33, 'Error sunt et omnis sit expedita iure sit in distinctio quia.', '2019-10-31 08:07:23', '2019-10-31 08:07:23'),
	(34, 'Provident vero voluptates facere quasi quo omnis.', '2019-10-31 08:07:23', '2019-10-31 08:07:23'),
	(35, 'Voluptatem voluptas quas quis est et dolores.', '2019-10-31 08:07:23', '2019-10-31 08:07:23'),
	(36, 'Nam ut magni debitis vitae sit quos aut aut magni quo autem.', '2019-10-31 08:07:23', '2019-10-31 08:07:23'),
	(37, 'Eum incidunt voluptatem quis autem quam qui et quia.', '2019-10-31 08:07:23', '2019-10-31 08:07:23'),
	(38, 'Voluptate est amet sed ea et nam adipisci voluptas ullam.', '2019-10-31 08:07:23', '2019-10-31 08:07:23'),
	(39, 'Et officia ab numquam aspernatur et rerum enim ut dolores molestiae.', '2019-10-31 08:07:23', '2019-10-31 08:07:23'),
	(40, 'Aliquid quos quibusdam nobis sit occaecati.', '2019-10-31 08:07:23', '2019-10-31 08:07:23'),
	(41, 'Veritatis veniam assumenda eos consequatur.', '2019-10-31 08:07:23', '2019-10-31 08:07:23'),
	(42, 'Quia et vel sint ratione explicabo quia quibusdam quos quibusdam.', '2019-10-31 08:07:23', '2019-10-31 08:07:23'),
	(43, 'Adipisci voluptas facilis veniam quis omnis tenetur.', '2019-10-31 08:07:23', '2019-10-31 08:07:23'),
	(44, 'Odio qui sint qui consequatur suscipit dolorem saepe et et sequi.', '2019-10-31 08:07:23', '2019-10-31 08:07:23'),
	(45, 'Dolores consectetur ad animi est totam enim illo recusandae.', '2019-10-31 08:07:23', '2019-10-31 08:07:23'),
	(46, 'Dolor ab ut nam quis debitis.', '2019-10-31 08:07:23', '2019-10-31 08:07:23'),
	(47, 'Ipsa est dicta et nostrum ipsam.', '2019-10-31 08:07:23', '2019-10-31 08:07:23'),
	(48, 'Aut consequatur qui molestiae est rerum quasi voluptas.', '2019-10-31 08:07:23', '2019-10-31 08:07:23'),
	(49, 'Delectus minima ipsa dolores autem minima nam sit.', '2019-10-31 08:07:23', '2019-10-31 08:07:23'),
	(50, 'Occaecati et accusantium qui doloremque aliquid possimus officiis dolorem reiciendis.', '2019-10-31 08:07:23', '2019-10-31 08:07:23');
/*!40000 ALTER TABLE `categories` ENABLE KEYS */;

-- Dumping structure for table site.failed_jobs
DROP TABLE IF EXISTS `failed_jobs`;
CREATE TABLE IF NOT EXISTS `failed_jobs` (
  `id` bigint(20) unsigned NOT NULL AUTO_INCREMENT,
  `connection` text COLLATE utf8mb4_unicode_ci NOT NULL,
  `queue` text COLLATE utf8mb4_unicode_ci NOT NULL,
  `payload` longtext COLLATE utf8mb4_unicode_ci NOT NULL,
  `exception` longtext COLLATE utf8mb4_unicode_ci NOT NULL,
  `failed_at` timestamp NOT NULL DEFAULT CURRENT_TIMESTAMP,
  PRIMARY KEY (`id`)
) ENGINE=InnoDB DEFAULT CHARSET=utf8mb4 COLLATE=utf8mb4_unicode_ci;

-- Dumping data for table site.failed_jobs: ~0 rows (approximately)
/*!40000 ALTER TABLE `failed_jobs` DISABLE KEYS */;
/*!40000 ALTER TABLE `failed_jobs` ENABLE KEYS */;

-- Dumping structure for table site.migrations
DROP TABLE IF EXISTS `migrations`;
CREATE TABLE IF NOT EXISTS `migrations` (
  `id` int(10) unsigned NOT NULL AUTO_INCREMENT,
  `migration` varchar(255) COLLATE utf8mb4_unicode_ci NOT NULL,
  `batch` int(11) NOT NULL,
  PRIMARY KEY (`id`)
) ENGINE=InnoDB AUTO_INCREMENT=23 DEFAULT CHARSET=utf8mb4 COLLATE=utf8mb4_unicode_ci;

-- Dumping data for table site.migrations: ~6 rows (approximately)
/*!40000 ALTER TABLE `migrations` DISABLE KEYS */;
REPLACE INTO `migrations` (`id`, `migration`, `batch`) VALUES
	(17, '2014_10_12_000000_create_users_table', 1),
	(18, '2014_10_12_100000_create_password_resets_table', 1),
	(19, '2019_08_19_000000_create_failed_jobs_table', 1),
	(20, '2019_10_30_131239_create_categories_table', 1),
	(21, '2019_10_30_133138_create_tags_table', 1),
	(22, '2019_10_30_162438_create_posts_table', 1);
/*!40000 ALTER TABLE `migrations` ENABLE KEYS */;

-- Dumping structure for table site.password_resets
DROP TABLE IF EXISTS `password_resets`;
CREATE TABLE IF NOT EXISTS `password_resets` (
  `email` varchar(255) COLLATE utf8mb4_unicode_ci NOT NULL,
  `token` varchar(255) COLLATE utf8mb4_unicode_ci NOT NULL,
  `created_at` timestamp NULL DEFAULT NULL,
  KEY `password_resets_email_index` (`email`)
) ENGINE=InnoDB DEFAULT CHARSET=utf8mb4 COLLATE=utf8mb4_unicode_ci;

-- Dumping data for table site.password_resets: ~0 rows (approximately)
/*!40000 ALTER TABLE `password_resets` DISABLE KEYS */;
/*!40000 ALTER TABLE `password_resets` ENABLE KEYS */;

-- Dumping structure for table site.posts
DROP TABLE IF EXISTS `posts`;
CREATE TABLE IF NOT EXISTS `posts` (
  `id` bigint(20) unsigned NOT NULL AUTO_INCREMENT,
  `title` varchar(255) COLLATE utf8mb4_unicode_ci NOT NULL,
  `body` text COLLATE utf8mb4_unicode_ci NOT NULL,
  `user_id` bigint(20) unsigned NOT NULL,
  `category_id` bigint(20) unsigned NOT NULL,
  `created_at` timestamp NULL DEFAULT NULL,
  `updated_at` timestamp NULL DEFAULT NULL,
  PRIMARY KEY (`id`),
  KEY `posts_user_id_foreign` (`user_id`),
  KEY `posts_category_id_foreign` (`category_id`),
  CONSTRAINT `posts_category_id_foreign` FOREIGN KEY (`category_id`) REFERENCES `categories` (`id`),
  CONSTRAINT `posts_user_id_foreign` FOREIGN KEY (`user_id`) REFERENCES `users` (`id`)
) ENGINE=InnoDB AUTO_INCREMENT=501 DEFAULT CHARSET=utf8mb4 COLLATE=utf8mb4_unicode_ci;

-- Dumping data for table site.posts: ~500 rows (approximately)
/*!40000 ALTER TABLE `posts` DISABLE KEYS */;
REPLACE INTO `posts` (`id`, `title`, `body`, `user_id`, `category_id`, `created_at`, `updated_at`) VALUES
	(1, 'Debitis nihil omnis non omnis consequatur soluta.', 'Illo ut unde accusamus dolores rerum voluptates ut. Est ut est sint eos quasi quia ipsa aliquid. Explicabo occaecati aliquid rerum reiciendis odio consectetur. Laudantium quis voluptas mollitia est et.', 2, 47, '2019-10-31 08:07:23', '2019-10-31 08:07:23'),
	(2, 'Commodi ea rerum maiores iste voluptatum illo et est.', 'Ipsum voluptas veniam culpa sit quia praesentium. Saepe voluptates vitae blanditiis nam asperiores asperiores. Et ea repudiandae qui et rerum consequatur omnis. Quaerat sed a consequuntur qui veritatis.', 3, 22, '2019-10-31 08:07:23', '2019-10-31 08:07:23'),
	(3, 'Inventore rem qui architecto voluptatem iusto alias voluptatem voluptatem voluptas aliquid.', 'Repellat sapiente consequatur temporibus iure ut sed repellendus. Nam quia nobis ex sequi libero quo. Nostrum ea voluptatem temporibus rerum inventore.', 1, 14, '2019-10-31 08:07:23', '2019-10-31 08:07:23'),
	(4, 'Sint doloremque sint est quis commodi et omnis enim optio.', 'Ut aut eos labore maxime nisi cupiditate quia accusamus. Ex ut minus vel nesciunt. Fugiat iusto molestiae earum repudiandae ut ex.', 5, 44, '2019-10-31 08:07:23', '2019-10-31 08:07:23'),
	(5, 'Illum sequi optio voluptate assumenda nulla.', 'A et quos officiis consequuntur. Sed distinctio earum necessitatibus reprehenderit omnis vero. Quos necessitatibus amet reprehenderit inventore accusamus aspernatur omnis quia. Sit eaque omnis modi similique.', 1, 9, '2019-10-31 08:07:23', '2019-10-31 08:07:23'),
	(6, 'A ea exercitationem aut amet quas.', 'Voluptatem molestiae qui cumque pariatur beatae. Sint corrupti aut facilis.', 1, 40, '2019-10-31 08:07:23', '2019-10-31 08:07:23'),
	(7, 'Necessitatibus expedita eum nam quia distinctio sequi voluptatum eum magnam quam.', 'Numquam facilis illo voluptate architecto animi consectetur. Molestiae aut est quod labore incidunt. Distinctio et esse aut autem ea provident. Voluptates rerum numquam labore natus harum a. Et impedit nostrum voluptate impedit non eveniet quas atque.', 1, 15, '2019-10-31 08:07:23', '2019-10-31 08:07:23'),
	(8, 'Officiis quidem voluptatem veniam nihil error quisquam eius.', 'Est exercitationem nemo sed esse omnis dolor consequuntur. Velit beatae a nostrum est eveniet.', 2, 10, '2019-10-31 08:07:23', '2019-10-31 08:07:23'),
	(9, 'Nihil expedita sed voluptas ab impedit aut a aut quisquam dolore.', 'Molestiae exercitationem optio fuga eos voluptatibus. Reiciendis ut sit quo voluptatem dolore quia tenetur. Quibusdam ut suscipit deserunt. Doloremque in illo facilis expedita minus.', 2, 49, '2019-10-31 08:07:23', '2019-10-31 08:07:23'),
	(10, 'Possimus ullam quo alias ut eaque.', 'Autem iusto ut laborum omnis et voluptatem qui. Molestiae voluptatum quam labore possimus. Sunt totam consequatur voluptatem eos. Sed odit eligendi ea enim error reiciendis provident.', 1, 16, '2019-10-31 08:07:23', '2019-10-31 08:07:23'),
	(11, 'Architecto soluta et nostrum commodi qui cumque voluptatum et provident consectetur.', 'Iste quaerat sint enim est. Minima sit sit id non eius laudantium. Repudiandae est assumenda illo excepturi qui sequi qui nihil.', 1, 30, '2019-10-31 08:07:23', '2019-10-31 08:07:23'),
	(12, 'Inventore iure assumenda quasi assumenda culpa voluptatem velit quibusdam impedit.', 'Qui velit ipsam odio aperiam corporis. Sed nobis numquam odio autem tempora vero cumque tenetur. Doloribus id laboriosam dolor perspiciatis placeat voluptatem. Facilis id exercitationem odit cum fugiat voluptatibus consequatur. Omnis repellendus nesciunt dolores quia quia vitae sunt.', 3, 26, '2019-10-31 08:07:23', '2019-10-31 08:07:23'),
	(13, 'Tempore voluptas earum voluptatem animi iure rerum voluptates sit similique.', 'Voluptas ratione omnis ipsum nisi consectetur dolores. Consectetur dolorem nemo incidunt voluptatem ut est harum. Blanditiis voluptas enim aspernatur et deserunt in mollitia molestias. Ea quos eum itaque et repudiandae.', 5, 42, '2019-10-31 08:07:23', '2019-10-31 08:07:23'),
	(14, 'Pariatur nam iure et ipsum cum id recusandae modi reprehenderit non.', 'Repellendus odio animi aliquam aut quos ut. Quis vitae ab corrupti est quis. Occaecati perferendis est fugiat dolor et.', 2, 36, '2019-10-31 08:07:23', '2019-10-31 08:07:23'),
	(15, 'Odio possimus consequatur natus fugiat inventore aut necessitatibus.', 'Ut tenetur quis quidem repellendus consectetur non. A voluptatem occaecati quisquam nulla consectetur odio reprehenderit quaerat. Eum ducimus iure eum ab vero rerum nulla necessitatibus. Voluptas reprehenderit saepe quisquam perspiciatis omnis reiciendis similique.', 3, 43, '2019-10-31 08:07:23', '2019-10-31 08:07:23'),
	(16, 'Ad ut excepturi sed hic quia numquam tenetur doloribus nihil enim.', 'Aperiam doloribus quo voluptate itaque reiciendis iusto numquam et. Voluptatem cumque et officia blanditiis accusantium repellat. Assumenda qui et sint enim tempora sequi. Possimus facilis sed sint sequi tenetur sed quod numquam. Autem eum impedit quasi neque assumenda hic.', 3, 6, '2019-10-31 08:07:23', '2019-10-31 08:07:23'),
	(17, 'Ullam libero sunt porro deserunt sed temporibus et quia architecto.', 'Dicta aut repellat excepturi in modi et. Sed ad illo occaecati quaerat. Qui velit voluptas quidem mollitia tempore fuga sapiente.', 3, 17, '2019-10-31 08:07:23', '2019-10-31 08:07:23'),
	(18, 'Ducimus quisquam ipsam repellat reprehenderit consequatur nam quia earum.', 'Minus explicabo aut accusamus qui voluptatem qui. Soluta voluptas quo modi veniam. Architecto ut aut praesentium voluptate soluta aut amet. Velit quibusdam mollitia qui consectetur exercitationem.', 3, 47, '2019-10-31 08:07:23', '2019-10-31 08:07:23'),
	(19, 'Eum laboriosam voluptatem maxime optio praesentium esse delectus blanditiis.', 'Distinctio aliquid et praesentium aliquid. Dicta sit pariatur qui at est iste repudiandae. Aut ut perspiciatis perspiciatis at est consequuntur. Autem suscipit fuga quisquam ratione.', 2, 36, '2019-10-31 08:07:23', '2019-10-31 08:07:23'),
	(20, 'Et voluptas harum cupiditate nulla numquam minus nisi.', 'Amet asperiores laudantium qui rerum eligendi consectetur. In enim aut placeat fugit sit. Explicabo sapiente saepe dolorum nisi assumenda amet.', 1, 4, '2019-10-31 08:07:23', '2019-10-31 08:07:23'),
	(21, 'In tenetur beatae quaerat non nihil sunt.', 'Cupiditate facilis qui laboriosam dolores minima. Consequuntur molestias quis qui autem. Voluptas est voluptas eligendi facilis. Aperiam dolor alias est ut facilis dolore architecto.', 3, 1, '2019-10-31 08:07:23', '2019-10-31 08:07:23'),
	(22, 'Sequi voluptatum quia officiis et est.', 'Eum explicabo veritatis dolorem pariatur. Molestias nam doloremque facilis quam illum ea voluptas aut. Et culpa necessitatibus quaerat ex. Vitae sequi laboriosam eum aut ut porro quia.', 4, 17, '2019-10-31 08:07:23', '2019-10-31 08:07:23'),
	(23, 'Aspernatur rerum quia ipsum quisquam quis qui voluptas deserunt.', 'Rerum quisquam reiciendis magnam necessitatibus architecto eaque. Unde a et eius nihil vel aperiam quisquam sunt. Incidunt aut fugit sapiente cum ut. Similique quam magnam repudiandae maiores ut et.', 2, 46, '2019-10-31 08:07:23', '2019-10-31 08:07:23'),
	(24, 'Laboriosam illum dolor tempore deserunt consequatur quibusdam.', 'Nesciunt enim quisquam quibusdam veniam. Est et placeat culpa at neque omnis dolorum. Inventore voluptas voluptatem laboriosam animi. Debitis modi illo nihil id alias ut dicta qui.', 4, 40, '2019-10-31 08:07:23', '2019-10-31 08:07:23'),
	(25, 'Totam accusamus debitis sint in fugit autem.', 'Temporibus odio laudantium quis totam officiis voluptas debitis. Tenetur autem velit ducimus at ipsa voluptates. Perspiciatis aliquam quo reiciendis nulla tempore non ut. Dolorem dolores saepe cumque laudantium. Libero vel et dolorum alias nostrum quos.', 3, 42, '2019-10-31 08:07:23', '2019-10-31 08:07:23'),
	(26, 'Ipsam minima inventore iure velit saepe et perspiciatis.', 'Enim ipsa odio rem non aut incidunt porro. Id aut eligendi amet sint labore rem aut. Vel expedita a non et unde temporibus. Ut sed non porro omnis aut.', 1, 1, '2019-10-31 08:07:23', '2019-10-31 08:07:23'),
	(27, 'Et et facere minima dolor non.', 'Nemo iure esse ad velit quod tenetur voluptates. Debitis esse consequatur enim in accusamus. Voluptates autem dolores ut omnis molestias ullam voluptas. Et quia pariatur possimus sit in quibusdam voluptate.', 3, 18, '2019-10-31 08:07:23', '2019-10-31 08:07:23'),
	(28, 'Exercitationem voluptate temporibus iure ipsum aut quo.', 'Quam eligendi sapiente voluptas omnis qui maxime. Consequatur numquam aliquam quia soluta eaque. Mollitia atque cupiditate sit.', 5, 24, '2019-10-31 08:07:23', '2019-10-31 08:07:23'),
	(29, 'Et ut quae ut est explicabo facere omnis exercitationem eius deleniti sed.', 'Nulla numquam esse quaerat. Voluptate eius autem distinctio illum magnam dolorum. Id nihil ut et ea deserunt. Impedit soluta laborum omnis atque repudiandae.', 5, 1, '2019-10-31 08:07:23', '2019-10-31 08:07:23'),
	(30, 'Ut tempora dolorum in fugit voluptatem.', 'Necessitatibus delectus placeat sunt. Sed magnam odio tempore. Quibusdam ex et et suscipit soluta.', 4, 37, '2019-10-31 08:07:23', '2019-10-31 08:07:23'),
	(31, 'Nemo consequuntur ut sunt vel omnis officiis libero.', 'Nulla ut cumque qui itaque vitae rerum. Et non minima facilis ut debitis quaerat temporibus debitis. Consequuntur pariatur aliquid dolore enim minima consequuntur quo. Aut ut beatae quo aut. Eaque consequatur et iste itaque cupiditate.', 5, 40, '2019-10-31 08:07:23', '2019-10-31 08:07:23'),
	(32, 'Omnis veritatis itaque consequatur dolores laborum.', 'Eum sunt quia soluta dolores incidunt. Blanditiis magni nobis expedita. Est quibusdam quidem modi consequatur aut iste qui architecto. Molestiae unde qui aspernatur ea repellat ut.', 5, 46, '2019-10-31 08:07:23', '2019-10-31 08:07:23'),
	(33, 'Voluptates velit officia asperiores eaque perspiciatis harum earum officia omnis velit totam.', 'Culpa dolor maiores rerum qui doloremque. Distinctio quas rerum magni blanditiis et. Dolor nemo est deleniti rerum temporibus ut nesciunt. Et eveniet dolorem sed.', 2, 50, '2019-10-31 08:07:23', '2019-10-31 08:07:23'),
	(34, 'Debitis facere reprehenderit ut omnis rerum et sunt minus reiciendis facilis.', 'Perspiciatis vel qui aut aut quia aspernatur cupiditate. Consectetur esse laboriosam dolores eius. Minima nostrum dolorum aliquam aspernatur harum aut. Est mollitia omnis aliquid sunt perspiciatis architecto. Omnis adipisci magnam suscipit consequuntur rerum officiis perspiciatis.', 3, 50, '2019-10-31 08:07:23', '2019-10-31 08:07:23'),
	(35, 'Id aut labore ut voluptatum voluptatem temporibus.', 'Tenetur sit et pariatur ex animi quae. Soluta et iste nemo quod adipisci vitae tenetur. Aliquid at exercitationem id aspernatur rerum et.', 3, 2, '2019-10-31 08:07:23', '2019-10-31 08:07:23'),
	(36, 'Aut nihil id ex occaecati consequuntur nemo enim earum consequatur soluta.', 'Omnis repellat qui eaque amet quis et unde. Officia illo iste quo totam adipisci at itaque. Dolorem esse harum inventore voluptas asperiores. Enim voluptate tenetur hic sit.', 4, 35, '2019-10-31 08:07:23', '2019-10-31 08:07:23'),
	(37, 'Sunt incidunt voluptates repudiandae beatae qui sint est enim.', 'Pariatur dolorem ea nemo quia repudiandae est. Similique modi consequuntur similique quo minus provident molestiae eos. Cum natus molestiae alias nemo.', 4, 47, '2019-10-31 08:07:23', '2019-10-31 08:07:23'),
	(38, 'Dolore incidunt porro recusandae autem maxime et sed.', 'Necessitatibus incidunt facere hic a facere voluptatum. In exercitationem quis sapiente laudantium. Impedit corrupti provident qui velit. Impedit nihil veritatis aut repellat et enim enim voluptatem.', 3, 33, '2019-10-31 08:07:23', '2019-10-31 08:07:23'),
	(39, 'Consequuntur atque ut autem odit enim libero quis eligendi.', 'Alias illum possimus quibusdam molestiae debitis iure omnis mollitia. Blanditiis sed quis dolorem ut. Rerum molestiae et cum neque repellat. Ipsam quo excepturi corporis non.', 1, 11, '2019-10-31 08:07:23', '2019-10-31 08:07:23'),
	(40, 'Quae natus unde necessitatibus nam quasi inventore atque.', 'Hic totam ab quo quia. Dolores necessitatibus voluptas voluptatum ratione ratione sunt enim. Doloribus maiores commodi repellendus voluptas at rerum ipsam.', 1, 49, '2019-10-31 08:07:23', '2019-10-31 08:07:23'),
	(41, 'Sint ipsa amet optio autem magni laudantium.', 'Autem deleniti sapiente enim consectetur. Ut reprehenderit qui dignissimos laudantium nihil sint et ut. Sit a similique quae quas impedit totam hic. Ipsa qui tenetur omnis et atque eaque.', 5, 27, '2019-10-31 08:07:23', '2019-10-31 08:07:23'),
	(42, 'Nulla maiores voluptas consectetur voluptas inventore enim ipsam qui voluptatum ea.', 'Aliquid odit voluptas earum quo pariatur voluptatum. Et tempora quia ipsa et totam sequi. Harum accusamus perferendis velit inventore.', 4, 4, '2019-10-31 08:07:23', '2019-10-31 08:07:23'),
	(43, 'Dolores velit nemo quae dolor in ducimus est et neque.', 'Ea ad distinctio est ullam ipsa animi. Libero molestiae perferendis commodi voluptatibus quisquam delectus doloremque. Natus provident nobis qui sint possimus consequatur sapiente nihil.', 5, 16, '2019-10-31 08:07:23', '2019-10-31 08:07:23'),
	(44, 'Pariatur veniam aspernatur quaerat doloribus voluptatem.', 'Repudiandae laudantium praesentium omnis eaque voluptatem qui et. Cupiditate quasi ut numquam recusandae nemo. Eius dignissimos eum magni vero. Enim tempora labore veritatis odit.', 2, 4, '2019-10-31 08:07:23', '2019-10-31 08:07:23'),
	(45, 'Ex quia modi sed quis animi fugit nam.', 'Rerum architecto id ea magnam beatae dolorum. Reprehenderit quidem et consequatur quae amet ut omnis. Sequi voluptas deleniti voluptatem quia officiis. Vitae quam deleniti velit enim.', 4, 45, '2019-10-31 08:07:23', '2019-10-31 08:07:23'),
	(46, 'Qui consequuntur perferendis ut ea facilis nobis dignissimos aut ut placeat.', 'Et rerum sit ex asperiores officiis fugiat. Quae et eos maxime ea dignissimos omnis ea voluptatem. Quia nam et maiores ratione. Error et deleniti quod voluptas ipsum.', 4, 7, '2019-10-31 08:07:23', '2019-10-31 08:07:23'),
	(47, 'Voluptatibus fugit ducimus eligendi et neque.', 'Rem qui minus iusto asperiores. Fuga facilis ut voluptatibus placeat. Amet fugiat qui aliquid velit quasi porro sint.', 4, 34, '2019-10-31 08:07:23', '2019-10-31 08:07:23'),
	(48, 'Sed eligendi voluptatem est ut et natus magnam sunt non.', 'Rerum maxime non commodi id hic perferendis. Aliquam modi et reiciendis debitis rerum rerum. Dolores consectetur et voluptas eos cumque. Suscipit est expedita placeat.', 3, 49, '2019-10-31 08:07:23', '2019-10-31 08:07:23'),
	(49, 'Eum in quam dolorem voluptatum consequatur deleniti doloribus voluptates dignissimos.', 'Non recusandae velit sint odio. Sint velit voluptas magni ut dolor quas. Et cupiditate dolor ut iste qui enim ea.', 2, 32, '2019-10-31 08:07:23', '2019-10-31 08:07:23'),
	(50, 'Nostrum sint sed voluptas rerum neque aut est.', 'Et laudantium culpa velit. Cupiditate rerum vero quas eos earum vel. Quo necessitatibus possimus ex vero architecto eius.', 1, 21, '2019-10-31 08:07:23', '2019-10-31 08:07:23'),
	(51, 'Sunt cumque sint excepturi sint qui ut possimus cumque vel ut.', 'Quia ea et exercitationem similique odio consectetur quis. Iste beatae beatae maiores. Neque omnis saepe et ipsam quisquam.', 3, 23, '2019-10-31 08:07:23', '2019-10-31 08:07:23'),
	(52, 'Ab ducimus aut dolorem illo.', 'Pariatur magnam sint aperiam unde. Incidunt amet assumenda dolores alias quasi. Qui ab aut ut voluptatem reiciendis sunt quibusdam repudiandae. Ducimus qui accusamus adipisci eveniet autem.', 5, 47, '2019-10-31 08:07:23', '2019-10-31 08:07:23'),
	(53, 'Eligendi sequi consectetur distinctio magni autem cupiditate ab officia minus.', 'Impedit delectus doloremque ut nesciunt corporis. Eos quos neque placeat ea. Error aut accusamus doloremque modi ad ea ipsum.', 4, 23, '2019-10-31 08:07:23', '2019-10-31 08:07:23'),
	(54, 'Enim non aut repellendus similique fugiat quia aperiam dolor voluptatibus quas.', 'Optio accusantium dolorum voluptatibus consequatur. Doloribus et dolorem dicta explicabo eum est quo. Rem corporis autem laudantium sit repellat.', 1, 43, '2019-10-31 08:07:23', '2019-10-31 08:07:23'),
	(55, 'Quis quae voluptates et et incidunt deserunt.', 'Amet perspiciatis consequatur ut fugiat nulla architecto. Fuga quia quo sed sed perspiciatis deserunt. Laboriosam vero quisquam nostrum.', 3, 9, '2019-10-31 08:07:23', '2019-10-31 08:07:23'),
	(56, 'Enim ad sed expedita molestias iusto illum dolor culpa.', 'Itaque sit excepturi non repellendus ratione numquam rem. Perferendis molestias id quasi dolore. Assumenda eligendi non deleniti excepturi consequuntur voluptas officia similique.', 2, 7, '2019-10-31 08:07:23', '2019-10-31 08:07:23'),
	(57, 'Voluptas numquam nisi a error ratione a necessitatibus.', 'Earum consequatur ea quos enim numquam. Dignissimos voluptas omnis adipisci similique nemo. Autem vel quia quos sapiente distinctio.', 3, 20, '2019-10-31 08:07:23', '2019-10-31 08:07:23'),
	(58, 'Repellat architecto placeat quam debitis inventore aut eaque ea.', 'Corporis quia dolor excepturi praesentium. Fuga dolorem accusantium voluptas totam sed fugit ut esse. Necessitatibus cupiditate temporibus nostrum quae. Sunt vitae qui ex earum atque.', 4, 4, '2019-10-31 08:07:23', '2019-10-31 08:07:23'),
	(59, 'Ut fugit rerum sunt rem rerum.', 'Totam nulla excepturi veniam non fuga eos dolorem. Dolorum aut et accusamus non consequatur voluptatem illum. Quasi nulla placeat voluptatem. Quo sed sed dolorum aut quibusdam aut dolore.', 2, 15, '2019-10-31 08:07:23', '2019-10-31 08:07:23'),
	(60, 'Praesentium sit et magni dolor tempore labore quibusdam harum.', 'Doloremque accusantium autem sed praesentium. Et occaecati assumenda laboriosam et temporibus non pariatur. Est aut neque non dicta culpa. Nihil fuga voluptatem qui sint quod dolor.', 1, 13, '2019-10-31 08:07:23', '2019-10-31 08:07:23'),
	(61, 'Aut voluptas sit adipisci veritatis non error.', 'Suscipit sed vel et eum et quaerat dolores. Unde exercitationem qui pariatur rerum tenetur. Odio sunt quis nihil excepturi.', 1, 30, '2019-10-31 08:07:23', '2019-10-31 08:07:23'),
	(62, 'Culpa quo quaerat ratione quibusdam sit sequi consequatur dolores.', 'A optio sint nemo. Enim deleniti ipsa laudantium reiciendis aut iure aperiam eos. Possimus quidem reprehenderit ipsa aut repellat voluptas iste molestiae.', 5, 5, '2019-10-31 08:07:23', '2019-10-31 08:07:23'),
	(63, 'Minus aliquam adipisci eos fuga quae non esse.', 'Ipsa ut aut sequi ipsam. Laboriosam dolorem doloremque sapiente sed rem. Fugit facere at doloribus est et labore facere. Voluptate optio voluptatum similique adipisci fuga.', 1, 5, '2019-10-31 08:07:23', '2019-10-31 08:07:23'),
	(64, 'Harum odit praesentium alias sequi deleniti rerum qui.', 'Sapiente fuga deserunt ut fugiat maxime iste ut. Et accusamus placeat quia ut blanditiis culpa. Nam atque et facilis quia voluptatem consequatur adipisci. Magni nisi voluptatem beatae dolorem.', 4, 4, '2019-10-31 08:07:23', '2019-10-31 08:07:23'),
	(65, 'Quam et quod error alias explicabo.', 'Dolore atque quaerat qui quos veniam recusandae. Dolorum doloremque sit possimus corporis debitis qui voluptate. Libero quod qui facilis earum autem sed aperiam.', 2, 30, '2019-10-31 08:07:23', '2019-10-31 08:07:23'),
	(66, 'Consequuntur eos eligendi temporibus et quod nostrum qui eligendi.', 'Consequatur veritatis sunt dolores in quidem odio excepturi. Possimus enim laboriosam nobis deserunt reprehenderit.', 1, 31, '2019-10-31 08:07:23', '2019-10-31 08:07:23'),
	(67, 'Et ut aspernatur qui dolor ea laboriosam praesentium.', 'Hic culpa quo consequatur vero officia molestias aut. Sint tenetur veritatis est voluptas. Ab unde tempore dolore non recusandae.', 2, 25, '2019-10-31 08:07:23', '2019-10-31 08:07:23'),
	(68, 'Et corporis dolorem voluptas nostrum excepturi nam.', 'Atque est animi enim omnis voluptas. Cupiditate nemo a et veniam omnis repellat. Nisi omnis ipsam ipsum labore doloribus.', 4, 29, '2019-10-31 08:07:23', '2019-10-31 08:07:23'),
	(69, 'Nobis explicabo numquam est et ex expedita quis.', 'Sunt aut doloremque molestiae ut eos ab. Hic occaecati accusantium sequi ex voluptates aut magnam. Ducimus sit fuga quasi quidem quasi cum sit. Harum dolores et dolor eum iure.', 2, 27, '2019-10-31 08:07:23', '2019-10-31 08:07:23'),
	(70, 'Reprehenderit maxime minima reprehenderit beatae eligendi laudantium sed qui ad.', 'Error iure hic omnis. Reiciendis eum exercitationem eum quia velit aut in. Et ipsam voluptates laudantium quia autem quidem nihil. Debitis rem eius quia enim eaque sed.', 2, 22, '2019-10-31 08:07:23', '2019-10-31 08:07:23'),
	(71, 'Libero dolorem officiis minus consequatur hic eum quo dolore explicabo.', 'Adipisci saepe odio optio doloremque. Esse asperiores non vitae. Delectus sed perspiciatis enim maxime atque. Et ut aut velit minus impedit a dolorum.', 3, 40, '2019-10-31 08:07:23', '2019-10-31 08:07:23'),
	(72, 'Voluptatem perferendis et possimus quaerat dolorem repudiandae.', 'Et ut ex qui non fugit ratione magni. Consequatur aut ut nihil corporis nostrum. Commodi laboriosam mollitia ad.', 5, 50, '2019-10-31 08:07:23', '2019-10-31 08:07:23'),
	(73, 'Facilis dolor nihil est et autem harum.', 'Recusandae et non non beatae recusandae at. Est consectetur voluptatum laborum ut mollitia. Velit distinctio dolores molestiae dolor eum fugit nostrum.', 3, 45, '2019-10-31 08:07:23', '2019-10-31 08:07:23'),
	(74, 'Molestias consequuntur asperiores iste magni qui.', 'Est aut repellendus quidem quam consectetur. Tenetur delectus sint tempora rem quod. Architecto sunt esse deleniti dolorem sint voluptatem ea tempore. Facilis repellat dolor eligendi eos temporibus.', 3, 41, '2019-10-31 08:07:23', '2019-10-31 08:07:23'),
	(75, 'Officia fuga aut mollitia est sapiente dolores ut nihil nesciunt.', 'Aliquam odio ut est. Accusamus aliquid sed sed ut. Maxime minus quos dolore porro. Aperiam autem minus dicta enim ut tempora.', 1, 24, '2019-10-31 08:07:23', '2019-10-31 08:07:23'),
	(76, 'Qui quae velit fugit quibusdam blanditiis.', 'Voluptate fugit tenetur non eos aut. Ipsam explicabo quia quos. Facere quia alias itaque earum pariatur. Eos numquam soluta quos alias incidunt.', 3, 7, '2019-10-31 08:07:23', '2019-10-31 08:07:23'),
	(77, 'Necessitatibus ea quis maxime atque culpa fugit consequatur magni quidem quia.', 'Porro ut non odio et. Est pariatur accusamus aut magni. Aut quae vel quia consequatur nesciunt quo non quaerat. Non et sit aperiam ducimus.', 2, 23, '2019-10-31 08:07:23', '2019-10-31 08:07:23'),
	(78, 'Rerum autem quam hic quae itaque libero numquam ducimus.', 'Explicabo autem architecto qui accusantium. Optio ipsam voluptatem numquam neque maiores. Mollitia voluptatem repellat doloribus qui. Molestiae impedit facere est odio illo tempore quisquam.', 2, 1, '2019-10-31 08:07:24', '2019-10-31 08:07:24'),
	(79, 'Doloribus eaque magnam ducimus cupiditate perspiciatis sunt amet illum omnis earum quod.', 'Ea vel eum dolor expedita rem dolor. Molestias quod magnam pariatur laborum excepturi. Ut quas id eveniet. Est alias dolores debitis pariatur esse maiores.', 5, 38, '2019-10-31 08:07:24', '2019-10-31 08:07:24'),
	(80, 'Sapiente tempore in ipsa ut eos eum.', 'Animi facere ipsa quis cum veniam vel. Nostrum quia quis ut sapiente non iure quia. Eum delectus dolorem voluptas quos corrupti neque sed. Unde omnis et quia molestias.', 5, 34, '2019-10-31 08:07:24', '2019-10-31 08:07:24'),
	(81, 'Quae tempore voluptatem soluta consequuntur fuga ratione voluptates ut sed.', 'Sint soluta assumenda aspernatur autem minus sunt. Doloremque sit numquam unde. Non laborum incidunt quidem porro perferendis.', 4, 39, '2019-10-31 08:07:24', '2019-10-31 08:07:24'),
	(82, 'Quis nihil delectus quidem consequatur molestiae dolorum autem ipsum eum.', 'Et iusto labore beatae cum ut ea quia. Quis harum ut sunt voluptas. Et exercitationem itaque vel et. Sed eos porro omnis ducimus nisi assumenda.', 2, 7, '2019-10-31 08:07:24', '2019-10-31 08:07:24'),
	(83, 'Non magnam nulla doloremque pariatur corporis officia itaque nam exercitationem consequatur.', 'Explicabo rerum magni occaecati sunt. Nihil rerum consequatur ad voluptates et velit. Consequatur nemo qui atque magni occaecati.', 1, 7, '2019-10-31 08:07:24', '2019-10-31 08:07:24'),
	(84, 'Est voluptatum perferendis placeat earum corrupti adipisci.', 'Aperiam quibusdam qui et beatae. Omnis vel molestias perferendis aut qui vel ea. Alias vel nemo et ab aut voluptatem. Ea est aut molestiae.', 2, 39, '2019-10-31 08:07:24', '2019-10-31 08:07:24'),
	(85, 'Voluptate aliquam accusantium expedita eius doloremque saepe non.', 'Ad quasi officia eos aut at sed. Esse eveniet porro et non deleniti soluta. Perferendis tenetur quas sit dignissimos doloremque vitae.', 5, 29, '2019-10-31 08:07:24', '2019-10-31 08:07:24'),
	(86, 'Qui asperiores et error consequuntur temporibus voluptatem.', 'Dolor quae earum provident suscipit repudiandae. Enim temporibus rerum eos harum nihil voluptas dolorem.', 1, 29, '2019-10-31 08:07:24', '2019-10-31 08:07:24'),
	(87, 'Adipisci sapiente impedit tempore incidunt.', 'Perspiciatis et dicta qui. Labore impedit optio tempora suscipit itaque quae. Et quis qui voluptas et.', 5, 40, '2019-10-31 08:07:24', '2019-10-31 08:07:24'),
	(88, 'Cupiditate neque sunt illum aspernatur aut repudiandae aliquam tempore sunt rerum.', 'Odio dignissimos reprehenderit qui nemo et consequuntur qui. Nisi sunt in harum non officiis. Quis est incidunt itaque rerum aut ex.', 2, 6, '2019-10-31 08:07:24', '2019-10-31 08:07:24'),
	(89, 'Neque qui dicta et qui vitae aut.', 'Aliquam perferendis autem inventore suscipit. Quam qui rerum magni culpa omnis. Reprehenderit quis ipsum maiores voluptate ullam iure expedita. Est est ut debitis tempore natus enim quos cum.', 3, 1, '2019-10-31 08:07:24', '2019-10-31 08:07:24'),
	(90, 'Voluptatem consectetur voluptatem consequuntur qui cupiditate consectetur.', 'A nisi quia omnis blanditiis. Eos optio velit ipsam eveniet excepturi corporis in. Quas perferendis voluptas iusto consequatur. Deserunt eligendi reiciendis at id quam in recusandae.', 2, 14, '2019-10-31 08:07:24', '2019-10-31 08:07:24'),
	(91, 'Molestiae non placeat provident quo ut blanditiis temporibus et.', 'Occaecati aut expedita sed temporibus asperiores qui cum. Et voluptatem et fugit. Voluptas officia et delectus perferendis quia. Ad nobis excepturi earum eum minus doloremque inventore.', 4, 31, '2019-10-31 08:07:24', '2019-10-31 08:07:24'),
	(92, 'Assumenda voluptate qui illum sapiente libero architecto consequuntur.', 'Dignissimos eos illo et voluptas incidunt magnam. Accusamus quaerat dolorum nihil a molestias. Iure rerum sint delectus nemo explicabo voluptate. Ab tempora nisi aliquam dolorem sapiente corrupti ipsa.', 4, 38, '2019-10-31 08:07:24', '2019-10-31 08:07:24'),
	(93, 'Officiis incidunt non libero sunt quia id.', 'In quibusdam iste eaque non aut. Perspiciatis officiis quia eaque itaque in ipsum. Velit sit molestias ipsam quaerat consequatur sit.', 3, 5, '2019-10-31 08:07:24', '2019-10-31 08:07:24'),
	(94, 'Consectetur inventore incidunt in dolor sit velit est natus temporibus.', 'Repellat repudiandae assumenda repudiandae beatae earum voluptas. Officia et et consequatur quia sit repellendus delectus itaque. Incidunt voluptas quia repellendus quam.', 5, 5, '2019-10-31 08:07:24', '2019-10-31 08:07:24'),
	(95, 'Facere occaecati ea unde exercitationem distinctio temporibus maxime earum.', 'Est incidunt sequi quia dolorum. Laudantium ut delectus aut optio non quae totam. Veritatis possimus voluptas vel nemo sunt ut ullam.', 3, 13, '2019-10-31 08:07:24', '2019-10-31 08:07:24'),
	(96, 'Voluptas voluptatibus repellat pariatur iure placeat.', 'Et voluptatum ut animi provident ea. Laboriosam suscipit ut doloremque sed. Dolor a ea velit laudantium culpa. Sit tenetur quia unde rerum aperiam et.', 2, 28, '2019-10-31 08:07:24', '2019-10-31 08:07:24'),
	(97, 'Enim rerum deserunt distinctio odio minus fugit sed consectetur fuga autem.', 'Iure quod consequatur voluptatem. Sed ducimus et voluptatem nam quisquam quis ex.', 5, 14, '2019-10-31 08:07:24', '2019-10-31 08:07:24'),
	(98, 'Ipsa consequatur repellat velit nemo est tempore eos voluptate.', 'Vel ad vel officiis debitis et quidem est. Sit exercitationem praesentium officia ipsum ipsa in praesentium. Soluta aperiam voluptatem tenetur id voluptas sit quibusdam. Hic voluptas occaecati tempore eum aperiam pariatur delectus.', 3, 30, '2019-10-31 08:07:24', '2019-10-31 08:07:24'),
	(99, 'Ab omnis excepturi placeat placeat esse inventore omnis ex magni ex.', 'Reiciendis voluptatum quisquam voluptates qui. Voluptas itaque quam asperiores eos adipisci id necessitatibus. Quia saepe id dolor libero accusantium dignissimos. Quae itaque sunt porro rerum porro id nihil quia.', 3, 14, '2019-10-31 08:07:24', '2019-10-31 08:07:24'),
	(100, 'Nam aut odio et illo omnis quia aut.', 'Est dolores quia vitae. Deleniti quas repellendus provident. Quo laudantium a corporis accusantium.', 4, 49, '2019-10-31 08:07:24', '2019-10-31 08:07:24'),
	(101, 'Ipsam architecto nemo incidunt consequatur enim aut rerum ipsam enim.', 'Id ducimus impedit magni ex eligendi et. At molestiae vero non id. Laboriosam vero deserunt sed quidem animi.', 3, 3, '2019-10-31 08:07:24', '2019-10-31 08:07:24'),
	(102, 'Necessitatibus ut vel laudantium incidunt voluptate illo illo.', 'Delectus quia iusto quia enim id est. Nobis unde sed et et id aliquam repellat odio. Quos impedit esse natus nulla ut. Nostrum eveniet laudantium doloremque omnis aut in.', 1, 46, '2019-10-31 08:07:24', '2019-10-31 08:07:24'),
	(103, 'Sequi sunt nihil dolorum cupiditate est quis aut nisi quibusdam fugit quod.', 'Tempora optio error nostrum repellat voluptatem illo in. Et quibusdam officia ad culpa aut et unde sit. Libero aut est aut unde.', 4, 49, '2019-10-31 08:07:24', '2019-10-31 08:07:24'),
	(104, 'Nesciunt at inventore voluptates ea amet illum ipsam adipisci quia.', 'Maiores quia voluptas voluptatibus dolorum. Quod repudiandae impedit nesciunt nihil eligendi ut. Consequatur voluptatem recusandae velit deleniti aut et labore quasi. Est eaque in impedit inventore dolores.', 2, 38, '2019-10-31 08:07:24', '2019-10-31 08:07:24'),
	(105, 'Dolorem amet dicta eos iusto est sunt voluptates dolore molestiae ullam.', 'Est nihil quos nostrum aliquid voluptas dolorem optio. Accusantium quia consectetur tenetur in debitis dolorum. Cum perferendis non laboriosam ipsum aut deleniti. Omnis error earum harum voluptas. Iste rerum deserunt blanditiis eaque fugiat nihil.', 3, 35, '2019-10-31 08:07:24', '2019-10-31 08:07:24'),
	(106, 'Esse est vel rem quasi pariatur et nostrum.', 'Ut et quia et. Dolores ut ut similique quam repellendus sed et. Sed ut aut perferendis ut est autem.', 3, 22, '2019-10-31 08:07:24', '2019-10-31 08:07:24'),
	(107, 'Dolores quis hic possimus dicta ullam qui.', 'Dolorem consectetur sint blanditiis atque. Id blanditiis natus illo laboriosam. Consequatur distinctio ducimus amet deserunt delectus sunt accusamus.', 3, 31, '2019-10-31 08:07:24', '2019-10-31 08:07:24'),
	(108, 'Recusandae consequatur error deleniti excepturi recusandae quis sit sapiente.', 'Velit ut qui dolore pariatur. Placeat ducimus ut non ipsa dolore qui. Cupiditate enim atque voluptas qui. Id iure sint unde aut.', 3, 29, '2019-10-31 08:07:24', '2019-10-31 08:07:24'),
	(109, 'Ab et reiciendis ex unde deleniti ut eos impedit vitae sed.', 'Corrupti et saepe eum vero natus et veritatis perspiciatis. Voluptas omnis est recusandae atque beatae numquam consequatur. Incidunt error sit iste recusandae doloremque. Distinctio vitae maxime dolor distinctio. Quasi quia voluptatem sit dolores.', 3, 31, '2019-10-31 08:07:24', '2019-10-31 08:07:24'),
	(110, 'Ut recusandae rem eum quia soluta quis sapiente sint.', 'Quia aliquid aliquam et architecto ipsa sit laborum. Dolor aspernatur quae assumenda officia quae ex accusamus asperiores. Sit repellat quia non dignissimos eaque autem unde quo. Nam dolorem quis nihil nam ab voluptatem eligendi.', 2, 4, '2019-10-31 08:07:24', '2019-10-31 08:07:24'),
	(111, 'Quia qui nihil consequatur distinctio iure repudiandae qui.', 'Iure dolorum corrupti sunt. Velit dicta et temporibus aut alias. Dolor voluptas asperiores dolores.', 5, 48, '2019-10-31 08:07:24', '2019-10-31 08:07:24'),
	(112, 'Ab voluptates doloremque et suscipit sequi.', 'Assumenda placeat illo officiis. In aut eveniet qui consequatur sit expedita et voluptatem.', 1, 33, '2019-10-31 08:07:24', '2019-10-31 08:07:24'),
	(113, 'Saepe consectetur et ut et iusto.', 'Est ducimus consequuntur ut esse perferendis et autem labore. Rerum culpa nisi omnis cumque voluptas. Sed corporis at nemo iure molestiae.', 4, 44, '2019-10-31 08:07:24', '2019-10-31 08:07:24'),
	(114, 'Laboriosam voluptas voluptas rerum et repellendus nam deleniti.', 'Sunt dolorem natus eius molestias voluptatem tenetur suscipit. Sit ut dolor dolorem natus optio. Fugit illo et aut culpa autem sit.', 2, 47, '2019-10-31 08:07:24', '2019-10-31 08:07:24'),
	(115, 'Dolorum eveniet vitae explicabo iusto deserunt possimus quia placeat autem sapiente.', 'Pariatur quibusdam nemo voluptatem aperiam illum vitae quae. Ab qui ducimus tempore quis harum. Ut laborum optio laudantium id magnam.', 5, 34, '2019-10-31 08:07:24', '2019-10-31 08:07:24'),
	(116, 'Ea et aut optio quaerat repellendus est magnam sit.', 'Officiis eum veritatis ut quam. Ullam esse placeat labore et. Suscipit ullam eaque et voluptas et. Autem mollitia quasi ea rem commodi doloremque non.', 5, 20, '2019-10-31 08:07:24', '2019-10-31 08:07:24'),
	(117, 'Perspiciatis qui quia voluptate autem deserunt mollitia corrupti id.', 'Optio numquam consequatur officiis sed recusandae iusto maiores. Alias nobis tempore esse et eius. Aliquam animi voluptas similique exercitationem delectus. Est dolorum et ratione aperiam.', 1, 21, '2019-10-31 08:07:24', '2019-10-31 08:07:24'),
	(118, 'Asperiores aut quis quo soluta itaque assumenda et fugit eveniet.', 'Magni officiis enim illum ut molestias rerum occaecati. Accusantium quo ratione itaque consequatur corporis consequatur. Labore perferendis aliquam sunt quibusdam.', 2, 28, '2019-10-31 08:07:24', '2019-10-31 08:07:24'),
	(119, 'Consectetur dolore iure corporis rerum quasi.', 'Rerum corporis accusantium temporibus veritatis sunt esse. Fugiat ut nihil aperiam. Dolorum autem impedit nulla natus similique quod.', 5, 32, '2019-10-31 08:07:24', '2019-10-31 08:07:24'),
	(120, 'Accusamus repellat consequuntur omnis minima laborum explicabo.', 'Aliquam illum non repellendus. Eveniet dolor magni est voluptas nam voluptatibus. Expedita omnis cupiditate quos ad voluptas quis ut.', 1, 38, '2019-10-31 08:07:24', '2019-10-31 08:07:24'),
	(121, 'Necessitatibus saepe explicabo ut occaecati qui beatae accusamus quisquam.', 'Minima aut porro veritatis doloribus. Cupiditate nulla vel sapiente omnis sunt. Veritatis id et rerum sunt. Voluptas qui quae asperiores adipisci nobis ut ipsum.', 2, 9, '2019-10-31 08:07:24', '2019-10-31 08:07:24'),
	(122, 'Consequatur vel ratione ducimus veniam quisquam id labore similique.', 'Atque asperiores perspiciatis magnam quis. Laboriosam odit minus aspernatur non. Est cupiditate excepturi quasi itaque autem quo. Molestiae non qui ad tempore.', 2, 40, '2019-10-31 08:07:24', '2019-10-31 08:07:24'),
	(123, 'Ducimus corrupti enim eum facere non.', 'Similique eum perferendis et ut. Ullam occaecati est non nam. Nihil doloribus nesciunt voluptatibus neque voluptatum est. Exercitationem labore et animi.', 4, 30, '2019-10-31 08:07:24', '2019-10-31 08:07:24'),
	(124, 'Animi sit delectus quaerat iusto enim quo ut hic.', 'Natus ut laudantium voluptatum sit eos et sit. Molestiae illum molestias at aperiam laboriosam aliquid. Autem animi omnis non. Dolores nesciunt quo mollitia distinctio tempora fugiat sit.', 4, 27, '2019-10-31 08:07:24', '2019-10-31 08:07:24'),
	(125, 'Animi quaerat voluptatibus veritatis nostrum non qui ut.', 'Quae amet maiores accusamus explicabo accusantium nobis. Expedita velit nihil quidem quasi laboriosam beatae. Sed ullam eveniet libero similique distinctio ea vel porro.', 2, 24, '2019-10-31 08:07:24', '2019-10-31 08:07:24'),
	(126, 'Ratione est saepe velit et vel et mollitia doloribus aut labore.', 'Illo aspernatur assumenda eos commodi quod expedita. Rem placeat quidem temporibus aut sint. Libero magni possimus harum.', 4, 15, '2019-10-31 08:07:24', '2019-10-31 08:07:24'),
	(127, 'Inventore est ducimus fuga aut aut ut.', 'Et architecto sint dolorum vel ut suscipit. Et distinctio adipisci quasi suscipit eius voluptate. Incidunt culpa et asperiores rem vitae sint quod.', 3, 5, '2019-10-31 08:07:24', '2019-10-31 08:07:24'),
	(128, 'Molestiae doloremque omnis possimus a eaque.', 'Magnam aut et at consequatur placeat. Ducimus et sit qui quia qui perspiciatis. Architecto suscipit aut tempore quam assumenda consequatur dicta.', 2, 22, '2019-10-31 08:07:24', '2019-10-31 08:07:24'),
	(129, 'Consequatur et dignissimos ab ad ex qui id velit sit id.', 'Illum rerum eum repellat sapiente dolor sit fugiat vero. Omnis provident incidunt ut voluptatem. Officia dicta earum laudantium earum cupiditate.', 3, 37, '2019-10-31 08:07:24', '2019-10-31 08:07:24'),
	(130, 'Quo est quia vel libero ut eaque non ea at velit id.', 'Rerum corporis culpa est neque amet voluptatem. Unde mollitia quasi rem alias veritatis quia. Quo nemo iusto maiores eum sed qui. Amet amet soluta consequatur et.', 1, 43, '2019-10-31 08:07:24', '2019-10-31 08:07:24'),
	(131, 'Quae ad et commodi delectus qui aperiam iste explicabo et unde.', 'Culpa facere neque eligendi quia. Molestias impedit doloribus non eveniet.', 1, 28, '2019-10-31 08:07:24', '2019-10-31 08:07:24'),
	(132, 'Ut eveniet quos nihil facere non sed reprehenderit porro consequuntur.', 'Similique ut minus ipsam dolor ad. Ex qui magnam iste vitae voluptatem error. Molestiae vitae consequatur dignissimos non repellendus qui.', 4, 47, '2019-10-31 08:07:24', '2019-10-31 08:07:24'),
	(133, 'Cum et fugiat est rem minima culpa.', 'Fugit et rem ut beatae. Quasi harum quaerat dolor. Quod ex aliquid saepe sapiente dolorem ut numquam.', 1, 2, '2019-10-31 08:07:24', '2019-10-31 08:07:24'),
	(134, 'Provident hic et itaque iusto modi minus quia pariatur.', 'Eligendi omnis voluptatem laborum magnam quam quo sit. Facilis minima necessitatibus dolor modi officiis dolorum. Aut omnis accusantium quibusdam.', 5, 47, '2019-10-31 08:07:24', '2019-10-31 08:07:24'),
	(135, 'Porro modi delectus dolor dolorem nostrum aut vel aliquid.', 'Blanditiis consequatur dolor voluptas ratione doloribus ut quo. Recusandae velit voluptate non laudantium nobis. Et ipsa doloribus magni doloribus explicabo.', 3, 50, '2019-10-31 08:07:24', '2019-10-31 08:07:24'),
	(136, 'Sunt sit sunt laboriosam ex quisquam nisi molestiae.', 'Quo quia nesciunt qui non. Et saepe vel repellendus autem nesciunt corrupti. Animi ea ut deleniti molestiae aperiam quidem non.', 3, 29, '2019-10-31 08:07:24', '2019-10-31 08:07:24'),
	(137, 'Amet laborum quam non aut dolore modi autem quae ex et.', 'Earum enim quia eius consequatur. Velit at nostrum qui veritatis maxime molestiae. Sequi enim iure vel et dignissimos rem. Accusamus mollitia cupiditate temporibus eos.', 5, 45, '2019-10-31 08:07:24', '2019-10-31 08:07:24'),
	(138, 'Et perferendis rerum ut in quia amet ducimus doloribus ipsam.', 'Qui est dolore nesciunt sed velit. Sunt facilis et voluptas rerum nemo. Accusamus aut reiciendis aut et et.', 1, 49, '2019-10-31 08:07:24', '2019-10-31 08:07:24'),
	(139, 'Amet consequatur itaque error et debitis non culpa vel esse ratione iusto.', 'Earum nisi maxime non libero qui sit. Et sit dolores voluptatibus. Enim et mollitia dolorum qui nulla in optio.', 4, 46, '2019-10-31 08:07:24', '2019-10-31 08:07:24'),
	(140, 'Est quia fugiat veritatis nesciunt dignissimos est ipsum.', 'Sunt autem autem ab quod soluta aut maiores. Enim et suscipit cupiditate recusandae sunt eos velit. Voluptatibus saepe qui eos ut maxime quisquam esse. Et officia ut doloremque blanditiis quis repellat.', 4, 12, '2019-10-31 08:07:24', '2019-10-31 08:07:24'),
	(141, 'Nihil qui earum quia dolores omnis nemo aspernatur dolores modi cumque.', 'Laboriosam itaque et nam perspiciatis doloremque molestiae impedit. Sint vitae ut excepturi harum. Magni alias molestiae neque voluptatem alias quia. Quibusdam est aut quisquam sed similique est.', 4, 38, '2019-10-31 08:07:24', '2019-10-31 08:07:24'),
	(142, 'Fugiat ipsa et ducimus sint cum in quam architecto.', 'Eligendi reprehenderit nemo illo ut hic voluptas tempore et. Repellat sed et commodi dolorum enim perspiciatis nihil. Necessitatibus ut magnam est unde. Ad quidem atque in repudiandae.', 5, 34, '2019-10-31 08:07:24', '2019-10-31 08:07:24'),
	(143, 'Rem non perspiciatis nihil laboriosam repellat voluptatem sed reprehenderit tempore.', 'Eum explicabo nemo voluptas qui aliquam. Illo facere corrupti sint ut aspernatur fugit laudantium repellat.', 1, 41, '2019-10-31 08:07:24', '2019-10-31 08:07:24'),
	(144, 'Beatae perferendis quo ex consequuntur quidem.', 'Ab nihil minus maiores cumque. Facere sint laboriosam et.', 4, 7, '2019-10-31 08:07:24', '2019-10-31 08:07:24'),
	(145, 'Ipsa ut ipsum quasi repudiandae nihil qui.', 'Sunt minus ea nulla ut est ipsa. Tempore voluptatem itaque dicta labore voluptatibus qui nihil. Eaque praesentium tempore pariatur quod esse cum et aspernatur. Voluptatibus deserunt dolores impedit saepe.', 2, 50, '2019-10-31 08:07:24', '2019-10-31 08:07:24'),
	(146, 'Ipsam non sint esse quos accusantium sed impedit.', 'Pariatur aut voluptas eos deleniti. Quos occaecati sequi incidunt officiis iste et inventore.', 5, 50, '2019-10-31 08:07:24', '2019-10-31 08:07:24'),
	(147, 'Odit iure officiis aut laboriosam odit doloremque earum.', 'Vitae pariatur unde quas eligendi. Recusandae voluptas consequatur adipisci architecto non dolor. Minima corporis nemo cumque blanditiis natus. Illo alias nisi culpa commodi sit.', 5, 16, '2019-10-31 08:07:24', '2019-10-31 08:07:24'),
	(148, 'Ut placeat debitis dolor est quaerat id.', 'Vel qui rerum dolorem qui enim est. Quia doloribus aut ipsa est. Incidunt error eveniet ut quasi ut possimus. Dicta nam enim et culpa dolore consequatur voluptatibus.', 4, 35, '2019-10-31 08:07:24', '2019-10-31 08:07:24'),
	(149, 'Eum dolorem nisi quod omnis autem modi qui.', 'Voluptatem atque quis reprehenderit saepe soluta rerum. Voluptate cumque quidem et consequatur in ipsa. Molestiae laborum eos molestiae autem omnis quia tenetur incidunt.', 4, 47, '2019-10-31 08:07:24', '2019-10-31 08:07:24'),
	(150, 'Blanditiis porro ea quod repellendus dolore qui eos et facilis accusamus.', 'Inventore blanditiis est earum nisi voluptate. Enim aperiam facilis ipsa corrupti fuga debitis occaecati. Architecto et eos dignissimos fuga.', 1, 35, '2019-10-31 08:07:24', '2019-10-31 08:07:24'),
	(151, 'Sunt assumenda velit vitae beatae sed magni tempore.', 'Laborum et quo aut provident. Perspiciatis facilis facilis dignissimos et omnis exercitationem. Debitis omnis consequatur possimus.', 1, 28, '2019-10-31 08:07:24', '2019-10-31 08:07:24'),
	(152, 'Animi ad nisi cupiditate fuga ipsam dolore ipsum neque.', 'Quam sit consequatur placeat qui facilis alias corrupti aut. Vitae sed ab similique eos ea nihil quam. Voluptas cupiditate ullam eius aut. Ipsam et consequatur dolorum asperiores qui impedit.', 5, 28, '2019-10-31 08:07:24', '2019-10-31 08:07:24'),
	(153, 'Minima temporibus sit corporis sed harum rerum officia illum architecto id.', 'Quos odit fugiat eos ratione vero. Vitae aut maxime totam doloribus. Eum alias ea accusantium repudiandae sed aut facilis. Et numquam eos atque porro. Id mollitia error laudantium veniam sint dolor aut.', 2, 5, '2019-10-31 08:07:24', '2019-10-31 08:07:24'),
	(154, 'Animi aut est est qui ullam a consequatur qui in.', 'Culpa corrupti doloremque laudantium hic ea. Id doloribus velit nesciunt consequatur pariatur quis saepe. Voluptatem nostrum ex omnis voluptatum aut velit. Molestias et maxime excepturi laudantium architecto. Debitis non beatae dolorem qui voluptas.', 2, 16, '2019-10-31 08:07:24', '2019-10-31 08:07:24'),
	(155, 'A veritatis eum est nisi aspernatur quaerat sit.', 'Id eos sed cum. Dolor reprehenderit non odit vitae cupiditate et autem est. Magni qui et qui voluptas. Aut dignissimos dicta cumque minus voluptatem.', 2, 45, '2019-10-31 08:07:24', '2019-10-31 08:07:24'),
	(156, 'Eum rerum aperiam excepturi ipsa dolorem.', 'Officiis blanditiis quas ratione fugit placeat eius ut et. Recusandae eos corporis voluptate saepe architecto deserunt tenetur.', 3, 38, '2019-10-31 08:07:24', '2019-10-31 08:07:24'),
	(157, 'Eaque nulla vero odio maxime tempora saepe suscipit.', 'Culpa quia iusto aut iusto. Iusto minus vero et voluptatem autem. Voluptate a nam dicta ut ipsum qui est atque. Vel explicabo dolor beatae dicta. Enim illum ut optio maxime aspernatur quaerat maxime.', 5, 4, '2019-10-31 08:07:24', '2019-10-31 08:07:24'),
	(158, 'Quia veritatis repellat nihil ullam delectus minima ipsa sapiente fugit eum.', 'Incidunt ipsa voluptate et fuga cum voluptates. Amet rerum suscipit assumenda qui sit. Ipsum quam nulla rem qui nulla voluptatum modi.', 3, 38, '2019-10-31 08:07:24', '2019-10-31 08:07:24'),
	(159, 'Et sint dolores minus velit harum unde voluptatum itaque praesentium.', 'Quas dignissimos accusamus unde voluptatibus voluptatem omnis ut. Ab deleniti quia quia quas. Labore sit vitae enim necessitatibus quo aperiam.', 3, 32, '2019-10-31 08:07:24', '2019-10-31 08:07:24'),
	(160, 'Sequi autem ea vel et dolor consequuntur eos.', 'Ea voluptas sed in itaque sit autem modi. Sed earum laborum aliquid veniam mollitia. Ipsum nesciunt illo sint dolore nostrum. Quae placeat quo soluta dolorem optio. Nulla qui inventore provident.', 2, 18, '2019-10-31 08:07:24', '2019-10-31 08:07:24'),
	(161, 'Nihil voluptas voluptas illum libero eum.', 'Similique unde corporis rem nemo exercitationem aut. Ut explicabo nobis ut harum pariatur aut incidunt. Ut sit reiciendis aperiam et.', 2, 48, '2019-10-31 08:07:24', '2019-10-31 08:07:24'),
	(162, 'Fugit dolore similique quam saepe deleniti saepe voluptatem nobis vel.', 'Et quia fugit fugit. Sed laboriosam tenetur sit nesciunt esse qui. Et sunt aperiam maiores cupiditate. Veniam quod illum a ut totam pariatur.', 4, 23, '2019-10-31 08:07:24', '2019-10-31 08:07:24'),
	(163, 'Fugiat quisquam nostrum iure aut minima corrupti vel.', 'Repellat eum architecto et dolorem. Sint nisi pariatur sit accusantium quo quo. Et dolore omnis earum.', 5, 34, '2019-10-31 08:07:24', '2019-10-31 08:07:24'),
	(164, 'Sit expedita blanditiis enim ducimus debitis ad nesciunt.', 'Deserunt eaque esse quia non facere. Eum ea tempore aliquam velit rerum modi fuga. Vel omnis sequi doloremque eos.', 5, 17, '2019-10-31 08:07:24', '2019-10-31 08:07:24'),
	(165, 'Excepturi deserunt eius ut dolore veritatis ullam delectus odit dolores quas.', 'Iste exercitationem iure sit aut facere aut qui. Quasi velit perferendis eos consectetur cumque. Rem quidem natus sed. Officia neque sunt placeat odio veniam sed.', 5, 46, '2019-10-31 08:07:24', '2019-10-31 08:07:24'),
	(166, 'Ea exercitationem dicta et sit ut.', 'Molestiae cupiditate saepe et a nemo mollitia repellendus eos. Impedit in sed consequuntur repellat doloremque veritatis tempora. Ut doloribus nihil tempora quas eligendi aut eum.', 4, 47, '2019-10-31 08:07:24', '2019-10-31 08:07:24'),
	(167, 'Sequi dolorem sit quaerat dolorem blanditiis illo sint architecto necessitatibus.', 'Veritatis ad adipisci voluptas hic aut nulla. Sequi aut sint natus laudantium quis ut. Dignissimos consequatur eligendi porro eius quo dolore sapiente.', 3, 31, '2019-10-31 08:07:24', '2019-10-31 08:07:24'),
	(168, 'In dolor neque minima velit quibusdam.', 'Deserunt rerum aspernatur perferendis rerum. Eaque expedita totam rerum et quis illum nisi. Doloribus neque qui dolor alias.', 2, 30, '2019-10-31 08:07:24', '2019-10-31 08:07:24'),
	(169, 'Tempore doloribus qui vel eveniet molestiae.', 'Quasi fugit animi ut ut non quia fuga. Et sit voluptate consequatur architecto illo laboriosam tempora. Explicabo libero corrupti placeat quasi. Enim quidem aut consequatur distinctio quas omnis excepturi.', 1, 33, '2019-10-31 08:07:24', '2019-10-31 08:07:24'),
	(170, 'Quia libero voluptatem ea nisi quo sequi ut quia expedita.', 'Voluptatem repellendus temporibus expedita natus exercitationem iste. Eum molestiae qui dignissimos veritatis. Quaerat omnis voluptatem corrupti aut nobis dolorem et. Nam ex voluptates quibusdam rerum.', 5, 42, '2019-10-31 08:07:24', '2019-10-31 08:07:24'),
	(171, 'Aliquam vero nam soluta deleniti ipsum sequi repellat.', 'Est expedita deleniti rerum error laboriosam culpa. Quam quidem dolor non et.', 5, 10, '2019-10-31 08:07:24', '2019-10-31 08:07:24'),
	(172, 'Voluptatem provident asperiores cumque iure labore repellendus.', 'Quod sequi nemo nobis consequatur id odit. Sit quis est numquam distinctio et labore.', 4, 16, '2019-10-31 08:07:24', '2019-10-31 08:07:24'),
	(173, 'Nostrum cum fuga qui quidem doloribus iure aspernatur eum.', 'Sunt qui eum quae eius ut dolores. Ea quo autem eos vero doloremque veniam. Qui est minus error rem quod. Dolorem est nesciunt dolorem rerum quia minus.', 2, 35, '2019-10-31 08:07:24', '2019-10-31 08:07:24'),
	(174, 'Ut quidem maxime quia voluptas aspernatur voluptas assumenda minima.', 'Vero optio quia architecto repellendus quisquam voluptatem. Fugit quaerat nobis omnis rerum. Eligendi dolorem et dolorem blanditiis nostrum voluptatem commodi. Ea et veniam dolore totam minima est eum.', 5, 37, '2019-10-31 08:07:24', '2019-10-31 08:07:24'),
	(175, 'Magnam minima nemo reiciendis dolorem distinctio architecto iusto sunt.', 'Tempore autem eveniet illum omnis. Deleniti eveniet occaecati quis ratione ut temporibus. Vel voluptatum a distinctio nisi nesciunt ab recusandae sed. Perferendis iure aut debitis est ex.', 5, 8, '2019-10-31 08:07:24', '2019-10-31 08:07:24'),
	(176, 'Deserunt adipisci rerum non aperiam qui quos repellat earum.', 'Nihil vel sint maiores tempora nisi aut at maiores. Rem ex dolorem cum impedit eum officiis. Et rem nam et.', 2, 43, '2019-10-31 08:07:24', '2019-10-31 08:07:24'),
	(177, 'Ad quia nam enim aliquam dolor sit sint autem quo.', 'Ut adipisci perferendis eligendi voluptas. Qui nihil voluptate et non et sunt sed. Facere perferendis inventore consequatur quae sit asperiores cumque.', 4, 6, '2019-10-31 08:07:24', '2019-10-31 08:07:24'),
	(178, 'Dolor cumque amet et ut consequuntur fugiat dignissimos facilis adipisci.', 'Totam autem aut porro aut. Consequatur quibusdam nostrum quo qui quo. Suscipit ut amet est minima.', 3, 3, '2019-10-31 08:07:24', '2019-10-31 08:07:24'),
	(179, 'Dolorum odit dolorem sit iste eum.', 'Sapiente nam excepturi natus maiores. Animi eum nulla eum nihil. Nihil dolores quas tempore harum. Deserunt qui ipsum ut sed tenetur. Ea qui accusantium soluta quis ut sed id.', 3, 7, '2019-10-31 08:07:24', '2019-10-31 08:07:24'),
	(180, 'Officiis eaque quibusdam ea accusantium atque repudiandae.', 'Sint quam repudiandae vitae quo est cum cupiditate blanditiis. Vitae laudantium dolorem quia quisquam voluptas qui. Molestiae voluptatem qui vel ea quia. Beatae recusandae sed cum qui expedita et ab.', 4, 5, '2019-10-31 08:07:24', '2019-10-31 08:07:24'),
	(181, 'Quam eos recusandae ipsa non deleniti odio repellat repellat.', 'Sed ut temporibus sunt earum et. Consectetur cumque aliquid veniam quisquam possimus sed tenetur inventore. Qui pariatur eaque explicabo quia aspernatur rerum.', 4, 37, '2019-10-31 08:07:24', '2019-10-31 08:07:24'),
	(182, 'Nemo at maxime quibusdam nulla ipsum possimus nam.', 'Labore officiis libero recusandae quia dolore voluptatibus quaerat. Qui vel est expedita maxime. Quasi officiis ratione ipsam.', 2, 5, '2019-10-31 08:07:24', '2019-10-31 08:07:24'),
	(183, 'Consequatur aut veritatis quibusdam nemo quia dolorum.', 'Numquam alias sit aut quisquam harum. Sed optio corrupti occaecati quia aliquid amet dolore reiciendis. Dolores quia nobis neque eos nostrum recusandae veniam.', 5, 43, '2019-10-31 08:07:24', '2019-10-31 08:07:24'),
	(184, 'Tempora repellendus est aspernatur culpa sint nesciunt illo maxime sed omnis.', 'Nihil provident corrupti ratione eaque libero sint nostrum ducimus. Qui et mollitia dolor at magnam. Et ad ullam corporis laborum pariatur.', 1, 8, '2019-10-31 08:07:24', '2019-10-31 08:07:24'),
	(185, 'Dolor sit sit placeat dicta iusto soluta.', 'Amet eligendi fuga voluptatem earum quaerat autem iusto sunt. Vitae sequi eos rerum et alias. Ducimus occaecati perspiciatis atque ut fugiat.', 3, 16, '2019-10-31 08:07:24', '2019-10-31 08:07:24'),
	(186, 'Voluptatem officiis quod quis fugit doloribus laudantium quia delectus sint et ut.', 'Facilis quia repellat fuga provident eveniet sit. Voluptatem et officiis voluptatibus et ipsam occaecati. Et rem eum quas.', 3, 11, '2019-10-31 08:07:24', '2019-10-31 08:07:24'),
	(187, 'Natus repellendus debitis quia est explicabo nesciunt.', 'Ipsam sit modi enim est. Saepe blanditiis eos sapiente consequatur saepe iure. Itaque est perferendis in soluta est deleniti error.', 2, 26, '2019-10-31 08:07:24', '2019-10-31 08:07:24'),
	(188, 'Sed nobis fugiat harum voluptatem quos alias et officia esse.', 'Fugit fugiat ut consequatur quibusdam nam. Molestiae neque similique vel ut. Iste ab eligendi aperiam quos vel.', 3, 23, '2019-10-31 08:07:24', '2019-10-31 08:07:24'),
	(189, 'Voluptate velit enim sequi et magnam at.', 'Sed molestias qui voluptates quasi autem et dolorum. Deleniti laudantium et id aut. Temporibus quisquam perspiciatis tenetur saepe recusandae quasi quam doloremque. Non et alias tempora cupiditate et vitae. Quia id possimus delectus unde adipisci.', 1, 40, '2019-10-31 08:07:24', '2019-10-31 08:07:24'),
	(190, 'Iste eos sed quis et sapiente quia.', 'Eum impedit consequatur aliquid ut consectetur assumenda. Quis nobis natus distinctio. Odit quasi perspiciatis ad. Repellendus hic consequatur adipisci est. Aut nesciunt aut dicta.', 1, 8, '2019-10-31 08:07:24', '2019-10-31 08:07:24'),
	(191, 'Repellendus repellat ducimus veritatis tenetur delectus ut magni eum ut labore.', 'Ipsa non inventore architecto ipsam voluptas voluptas recusandae corrupti. Ut tempore suscipit pariatur ut rem. Autem facilis non ullam assumenda voluptates asperiores.', 2, 7, '2019-10-31 08:07:24', '2019-10-31 08:07:24'),
	(192, 'Repellendus quia mollitia voluptas id ut.', 'Quia ut ipsam nesciunt nemo. Architecto ad facilis et velit sed et. Consectetur dolorem corrupti libero doloremque maiores occaecati sequi. Consequuntur accusamus molestias hic molestiae.', 4, 49, '2019-10-31 08:07:24', '2019-10-31 08:07:24'),
	(193, 'Id magnam repellendus facere molestiae blanditiis repudiandae autem.', 'Doloribus quod cumque in. Magnam sit quae aspernatur quibusdam commodi. Sit voluptatum fuga eveniet tempora vel.', 2, 41, '2019-10-31 08:07:24', '2019-10-31 08:07:24'),
	(194, 'Temporibus ipsum voluptatem consequatur similique amet.', 'Quidem architecto voluptas neque et eveniet non atque. Cum velit culpa itaque dolorem fuga quibusdam illum non. Aliquam sunt aliquam maiores accusantium. Enim ad veniam autem voluptatem.', 3, 18, '2019-10-31 08:07:24', '2019-10-31 08:07:24'),
	(195, 'Quis similique facere magni ad veniam esse repellendus saepe iure.', 'Culpa id pariatur dignissimos est. Explicabo eos cumque inventore libero exercitationem alias. Aut ea qui quos ut perspiciatis odit sunt.', 3, 39, '2019-10-31 08:07:24', '2019-10-31 08:07:24'),
	(196, 'Ullam voluptatem quia quia ut id nihil.', 'Est qui cum error aliquid explicabo debitis. Similique asperiores ea non. Quisquam qui quia sit facilis.', 1, 38, '2019-10-31 08:07:24', '2019-10-31 08:07:24'),
	(197, 'Quos eum incidunt totam et rerum est.', 'Voluptas iste labore enim a quidem commodi. Aut quas maiores qui neque recusandae aut reiciendis. Accusantium ducimus eos qui qui dolores in. Quas fuga consequuntur et voluptatem et voluptas corrupti recusandae.', 4, 26, '2019-10-31 08:07:24', '2019-10-31 08:07:24'),
	(198, 'Quo corporis molestiae explicabo et et.', 'Quis omnis tempore aut omnis. Odio error ex odit minus est recusandae. Ad aperiam consequatur modi eligendi velit et.', 2, 28, '2019-10-31 08:07:24', '2019-10-31 08:07:24'),
	(199, 'Dolores temporibus mollitia deserunt ut dicta quae laudantium laudantium.', 'Laborum ut iure rerum id est et. Quasi eos eos dolorum qui sed est dolor. Modi nemo velit laboriosam.', 4, 4, '2019-10-31 08:07:24', '2019-10-31 08:07:24'),
	(200, 'Aliquam ullam non aspernatur asperiores.', 'Pariatur eius quod eos. Porro qui voluptatum natus quis eius facere voluptatibus. Ut quo quo omnis natus similique sed suscipit. Expedita expedita autem reiciendis et nesciunt incidunt.', 1, 13, '2019-10-31 08:07:24', '2019-10-31 08:07:24'),
	(201, 'Consectetur minus distinctio architecto eius numquam ex rem qui.', 'Ut sunt autem debitis qui eius. Eligendi nisi quisquam inventore molestiae. Et tempore nihil atque optio asperiores et dolorem.', 4, 1, '2019-10-31 08:07:24', '2019-10-31 08:07:24'),
	(202, 'Nisi et qui accusamus cupiditate veniam dolorem sunt commodi.', 'Rem ab quia deserunt assumenda expedita dicta natus illo. Dignissimos culpa reprehenderit ut ea cumque. Non eum quae quia provident dolorem animi voluptatum.', 1, 43, '2019-10-31 08:07:24', '2019-10-31 08:07:24'),
	(203, 'Vel atque quis laboriosam sapiente dolore.', 'Architecto in fugiat animi voluptatibus. Tempora harum aut ratione dolores ea aut quia et. Repellendus qui error aliquam qui ab.', 1, 42, '2019-10-31 08:07:24', '2019-10-31 08:07:24'),
	(204, 'Optio non sint incidunt asperiores dolores fugiat nisi saepe.', 'Voluptas rerum omnis et et optio quisquam nihil et. Cum quo aut provident.', 1, 28, '2019-10-31 08:07:24', '2019-10-31 08:07:24'),
	(205, 'Dolorem est et facere quisquam est.', 'Et velit eos quidem. Dolor commodi nobis iusto et maiores iusto. Aut voluptates optio quia commodi voluptas eum sapiente. Nihil debitis dolorem quae unde.', 5, 11, '2019-10-31 08:07:24', '2019-10-31 08:07:24'),
	(206, 'Quia officia molestias sed aspernatur at voluptate sint.', 'Corrupti in vel accusamus soluta. Et qui aliquid praesentium itaque ut quia. Ea quo et soluta minima. Ex eum quos odit voluptates nihil.', 5, 47, '2019-10-31 08:07:24', '2019-10-31 08:07:24'),
	(207, 'Placeat ipsam optio quo fuga autem totam.', 'Aliquam laudantium nulla dolorum dolorum voluptatum quis. Quis in voluptates tempora odio ut qui. Ut animi et qui voluptas odit.', 2, 20, '2019-10-31 08:07:24', '2019-10-31 08:07:24'),
	(208, 'Similique accusamus earum ipsa ut omnis nemo excepturi.', 'Ut eligendi ducimus quos sed et. Aut nulla in nihil at animi in. Atque quasi neque rerum vero voluptatem omnis.', 4, 28, '2019-10-31 08:07:24', '2019-10-31 08:07:24'),
	(209, 'Rem quam similique expedita veritatis ex.', 'In adipisci suscipit quam fugit perferendis sit omnis. Nam qui nulla accusantium asperiores repudiandae. Vel a sunt aut corrupti maiores fugiat. Repellendus molestias repudiandae at commodi alias quis.', 5, 7, '2019-10-31 08:07:25', '2019-10-31 08:07:25'),
	(210, 'Aspernatur voluptatibus commodi et ea earum minima.', 'Nihil sit cupiditate voluptatibus quia dicta. Numquam ducimus saepe animi enim dolorum non aut. Nam sapiente sunt architecto eos ea ipsa. Similique eos velit non.', 2, 15, '2019-10-31 08:07:25', '2019-10-31 08:07:25'),
	(211, 'Est adipisci cupiditate molestiae sapiente voluptatum debitis totam esse quisquam quo.', 'Voluptas distinctio ut aliquid placeat dolorum nobis. Quas quia dolorum aliquid. Velit voluptatum veniam quia odio.', 1, 20, '2019-10-31 08:07:25', '2019-10-31 08:07:25'),
	(212, 'Eos beatae omnis officiis suscipit ab itaque eligendi et.', 'Aut perferendis est in quam. Eos ipsum esse atque dolorem recusandae eius. Qui doloribus tempore est eum.', 4, 29, '2019-10-31 08:07:25', '2019-10-31 08:07:25'),
	(213, 'Nobis ab ipsum et distinctio veritatis asperiores incidunt aut autem qui.', 'Repellendus alias ut consequuntur fuga qui. Aut non aut repellendus iste eum voluptatem cum eum. Placeat perferendis quis quis consequatur praesentium. Earum aut at sed expedita quo est exercitationem.', 2, 35, '2019-10-31 08:07:25', '2019-10-31 08:07:25'),
	(214, 'Culpa odit inventore odio atque voluptates impedit architecto.', 'Quidem veritatis ipsa qui error voluptatem ipsum fugit. Omnis quod cumque sint dolorem. Veritatis praesentium dignissimos quos tempora fuga accusamus. Dolorem ipsam enim eligendi minima aut omnis veritatis numquam.', 4, 14, '2019-10-31 08:07:25', '2019-10-31 08:07:25'),
	(215, 'Et vel ratione soluta neque cum eos unde delectus sequi.', 'Quas quia eius id. Quia vel et quasi distinctio. Cupiditate vel ipsa nulla officia et ea qui.', 5, 32, '2019-10-31 08:07:25', '2019-10-31 08:07:25'),
	(216, 'Totam non perspiciatis illum sed ex unde eius ad.', 'Labore minima incidunt dolore iusto assumenda qui. Eos reprehenderit distinctio quis veritatis unde numquam repellat. Dolor veniam labore harum quidem aut quo.', 2, 45, '2019-10-31 08:07:25', '2019-10-31 08:07:25'),
	(217, 'Minus dolorum facilis beatae qui voluptatem animi nihil a omnis.', 'Ut ut et eius quidem libero. Dolorem eius facilis voluptate vel aut et possimus. Quidem error dignissimos et aliquam. Cum laudantium quos explicabo ipsa eaque.', 2, 49, '2019-10-31 08:07:25', '2019-10-31 08:07:25'),
	(218, 'Adipisci aliquid et id cumque facilis.', 'Rem illum non animi ut enim et. Asperiores voluptas facere ut nostrum illo. Sapiente odio suscipit nostrum cum consequatur non accusantium saepe.', 3, 4, '2019-10-31 08:07:25', '2019-10-31 08:07:25'),
	(219, 'Est sit dolorem dicta occaecati et.', 'Quibusdam nihil mollitia exercitationem magnam labore. At aut a dolores eius vero eum labore. Maxime minus excepturi reiciendis iure odio voluptate. Sapiente neque repudiandae quis praesentium facilis.', 1, 20, '2019-10-31 08:07:25', '2019-10-31 08:07:25'),
	(220, 'Eum ut vel repudiandae porro quis et maiores perferendis natus.', 'Suscipit sed asperiores et dolor accusamus iure ab. Architecto qui in voluptas et harum ut. Assumenda debitis dolor voluptatem natus itaque.', 3, 12, '2019-10-31 08:07:25', '2019-10-31 08:07:25'),
	(221, 'Itaque sint et eos autem.', 'Necessitatibus maiores ex sed non voluptate veniam ab. Consequatur ut maiores ducimus quo ratione sed accusantium nihil. Eius et neque accusantium id est soluta debitis impedit. Libero ipsa aut eum ut.', 3, 42, '2019-10-31 08:07:25', '2019-10-31 08:07:25'),
	(222, 'Consequatur deserunt corrupti magnam perspiciatis sit.', 'Officia reiciendis consequatur vel ea dicta provident. Rerum perferendis repellendus quia et perferendis et voluptatem. Aut molestias soluta illo et nesciunt molestias. Sint ut porro harum. Aut cupiditate dolores est reiciendis id consequatur hic.', 4, 37, '2019-10-31 08:07:25', '2019-10-31 08:07:25'),
	(223, 'Fuga officiis explicabo esse eveniet suscipit harum.', 'Consequuntur facere et cum est consequatur. Quos provident fugit illo modi. Doloribus non ut eaque dolor qui assumenda et.', 5, 20, '2019-10-31 08:07:25', '2019-10-31 08:07:25'),
	(224, 'Perspiciatis mollitia aut ea dolore odit quis quod.', 'Dolores et in labore ullam in ad sequi ad. Eius in omnis accusantium aliquid quia ut dolor minima. Ut impedit sapiente veniam numquam est quaerat.', 5, 11, '2019-10-31 08:07:25', '2019-10-31 08:07:25'),
	(225, 'Aliquid culpa esse eos illo porro nihil qui voluptas voluptate ducimus.', 'Excepturi magnam ea omnis nemo. Alias et delectus non non. Harum ut dolorem facere nulla veniam delectus quis. Omnis delectus necessitatibus porro et atque numquam id.', 1, 2, '2019-10-31 08:07:25', '2019-10-31 08:07:25'),
	(226, 'Magnam consequatur aut saepe quasi sed.', 'Officia nostrum qui iure sed nemo distinctio tempore dolor. Ab debitis eum quia velit et sunt.', 3, 39, '2019-10-31 08:07:25', '2019-10-31 08:07:25'),
	(227, 'Aperiam nihil et tenetur nihil odio porro ducimus voluptatum labore.', 'Facilis at nihil molestias quia minus ut minima. Praesentium ut eum officia quo repellendus consequatur repudiandae.', 5, 47, '2019-10-31 08:07:25', '2019-10-31 08:07:25'),
	(228, 'Magnam facere reprehenderit doloremque hic quasi sint voluptatem aliquam cum aut deleniti.', 'Et officia sint sequi voluptas qui est quia ea. Voluptatem quia quaerat delectus mollitia iusto. Similique sed inventore laborum officia. Est est explicabo occaecati.', 3, 35, '2019-10-31 08:07:25', '2019-10-31 08:07:25'),
	(229, 'Modi soluta dolore molestiae deserunt quos omnis iste hic neque.', 'Quia ut non iste rerum cumque. Quidem maiores quia ut voluptas. Nostrum sed molestias temporibus et molestiae dolor sequi quia. Officiis voluptate veniam corrupti debitis.', 2, 12, '2019-10-31 08:07:25', '2019-10-31 08:07:25'),
	(230, 'Ex non aut distinctio aliquam voluptas magni.', 'Itaque et nesciunt debitis reiciendis nam mollitia. Optio voluptatum et labore animi omnis molestias autem quae. Omnis iste qui laborum et error.', 4, 22, '2019-10-31 08:07:25', '2019-10-31 08:07:25'),
	(231, 'Voluptatum voluptatem aliquid aperiam quisquam aperiam corporis.', 'Sunt doloribus in sint dolorum illum non. Perspiciatis id dolores dolores quia voluptatum deserunt accusantium ut. Non veniam voluptas rerum. Velit non ut repellendus nostrum.', 5, 25, '2019-10-31 08:07:25', '2019-10-31 08:07:25'),
	(232, 'Esse et suscipit a ducimus voluptas molestias adipisci omnis.', 'Et odit nulla et sunt optio. Ab amet exercitationem sit provident rerum ut qui sed. In officia voluptates esse ut expedita inventore.', 2, 48, '2019-10-31 08:07:25', '2019-10-31 08:07:25'),
	(233, 'Fugit est repellat quas ullam minus porro non ipsa quo quo ut.', 'Vitae id praesentium praesentium aliquid dignissimos. Explicabo quae placeat numquam amet quisquam laborum. Vero voluptatibus est amet non libero ut.', 1, 43, '2019-10-31 08:07:25', '2019-10-31 08:07:25'),
	(234, 'Iure minima corrupti non aliquam mollitia quia dolores sit impedit.', 'Non facilis quibusdam et recusandae sed in. Qui commodi autem magni dicta repellat iste. Rerum et voluptas aspernatur iure maxime quia repellat.', 1, 5, '2019-10-31 08:07:25', '2019-10-31 08:07:25'),
	(235, 'Consequatur assumenda et alias fugit quae.', 'Iure quidem omnis est quia. Qui libero iure aliquid est est. Sit est sunt ratione sunt corporis eaque perspiciatis.', 3, 36, '2019-10-31 08:07:25', '2019-10-31 08:07:25'),
	(236, 'Officiis deserunt quibusdam numquam sit laborum optio et qui dolore explicabo.', 'Molestiae aut voluptas quas dolore saepe molestiae. Tempore voluptas deleniti esse sit beatae reprehenderit ullam. Adipisci numquam perferendis in ut aut.', 5, 6, '2019-10-31 08:07:25', '2019-10-31 08:07:25'),
	(237, 'Rem omnis quas quia mollitia nihil.', 'Est debitis deserunt delectus reprehenderit. Cum corporis occaecati repellendus ad. Omnis est odio est nam ad. Incidunt ut id autem earum aut vitae.', 4, 46, '2019-10-31 08:07:25', '2019-10-31 08:07:25'),
	(238, 'Magni mollitia vel quo repudiandae exercitationem eius id fugit sunt.', 'Et sint sunt architecto et eum quia. Molestiae debitis odit et. Sed officiis non occaecati quidem aperiam. Officia quia illo quis neque occaecati temporibus.', 2, 29, '2019-10-31 08:07:25', '2019-10-31 08:07:25'),
	(239, 'Voluptatem ex excepturi nihil laborum quaerat ut.', 'Placeat veritatis dicta ducimus dolorem. Quaerat voluptatem perspiciatis a blanditiis est vitae. Nam asperiores esse ab quibusdam quas consequatur voluptatibus. Cupiditate debitis distinctio aperiam magni quo fugiat cumque.', 4, 41, '2019-10-31 08:07:25', '2019-10-31 08:07:25'),
	(240, 'Voluptatum sit hic occaecati facilis laborum dolor adipisci.', 'Cupiditate eveniet numquam velit repellendus dolores. Optio est incidunt inventore quia laudantium. Eligendi distinctio excepturi quia tempora et repellendus quisquam omnis.', 4, 24, '2019-10-31 08:07:25', '2019-10-31 08:07:25'),
	(241, 'Minima asperiores soluta tempore nisi eos dolores.', 'Accusantium sunt occaecati optio id totam quibusdam. Sunt ut maiores deserunt eligendi quia. Consectetur deserunt reiciendis aut quis explicabo occaecati voluptas. Laboriosam aut consequatur eum tempore numquam.', 3, 22, '2019-10-31 08:07:25', '2019-10-31 08:07:25'),
	(242, 'Et qui dignissimos beatae libero ipsum.', 'Doloremque sed quidem fuga illo consequatur quo corrupti. Eligendi consequuntur et voluptatum nisi. Occaecati est in ut ipsa fugit quam.', 4, 35, '2019-10-31 08:07:25', '2019-10-31 08:07:25'),
	(243, 'Quia sed animi vel nisi voluptas explicabo.', 'Quod esse exercitationem nihil tenetur ea aut. Omnis molestiae aut laudantium fuga aut atque nesciunt. Laborum quo dignissimos explicabo laudantium sed aut. Iste omnis ut tempore ut a omnis.', 4, 10, '2019-10-31 08:07:25', '2019-10-31 08:07:25'),
	(244, 'Adipisci voluptatem atque tempora sit eos aut officia quam a quis.', 'Ut dolor eius quae magnam distinctio cumque. Nemo ea aspernatur iusto vitae. Dolore amet quo molestiae animi velit ea.', 5, 20, '2019-10-31 08:07:25', '2019-10-31 08:07:25'),
	(245, 'Sed natus recusandae officiis et qui odit.', 'Earum molestiae blanditiis pariatur dolor. Dolor consequuntur nam ipsum eos culpa accusamus. Ea totam ratione quos quos et harum.', 3, 16, '2019-10-31 08:07:25', '2019-10-31 08:07:25'),
	(246, 'Ab facere corporis placeat maxime tempora molestias qui libero.', 'Sapiente magni porro iure corporis et rerum dolor. Non nam qui eius. Quam cum illo soluta eos illo. Eos magni dolore adipisci.', 4, 16, '2019-10-31 08:07:25', '2019-10-31 08:07:25'),
	(247, 'Labore quia qui molestiae similique dolor molestias exercitationem.', 'Laudantium reprehenderit rem sit modi saepe iste. In ut laudantium explicabo distinctio ratione ab quae voluptatem. Rerum quod expedita vitae ut laborum fugiat.', 5, 28, '2019-10-31 08:07:25', '2019-10-31 08:07:25'),
	(248, 'Possimus eius placeat repellat velit iusto itaque.', 'Distinctio non sint vitae. Veritatis alias qui explicabo suscipit totam. Laudantium harum dolore nobis a et vitae.', 1, 48, '2019-10-31 08:07:25', '2019-10-31 08:07:25'),
	(249, 'Enim corporis soluta in facere corrupti.', 'Eligendi sunt error at cupiditate. Ratione eos eos aliquid non. Ea repudiandae est maxime et. Nam assumenda qui quo sapiente. Placeat possimus harum consequatur est.', 5, 21, '2019-10-31 08:07:25', '2019-10-31 08:07:25'),
	(250, 'Quod sed ut enim excepturi alias quis nostrum dolor ut.', 'Quibusdam harum suscipit aliquam aut rerum dolorem dolorum non. Qui blanditiis aliquid ab magni delectus rerum.', 2, 44, '2019-10-31 08:07:25', '2019-10-31 08:07:25'),
	(251, 'In eaque odio eos aperiam deleniti quia vel voluptatem ea.', 'Ea et est modi distinctio. Natus sed eius velit voluptatem reprehenderit ipsa. Eligendi laudantium et cumque quo.', 2, 33, '2019-10-31 08:07:25', '2019-10-31 08:07:25'),
	(252, 'Atque placeat aliquid dolor id facere natus asperiores similique.', 'Eveniet provident nihil quidem maiores consequuntur et. Eos et ut nemo beatae nulla. Voluptatibus assumenda sunt debitis dignissimos voluptatem. Dicta accusantium eos in.', 3, 31, '2019-10-31 08:07:25', '2019-10-31 08:07:25'),
	(253, 'Possimus dolor nesciunt excepturi ipsa nihil et asperiores.', 'Temporibus ex dignissimos sunt quia architecto non deleniti enim. Et atque temporibus non quia. Eaque qui fuga error blanditiis non non.', 4, 17, '2019-10-31 08:07:25', '2019-10-31 08:07:25'),
	(254, 'Explicabo unde aut qui illo saepe quos dolor officiis nemo.', 'Nostrum voluptates repudiandae a error. Consequuntur cupiditate accusamus quidem sunt. Exercitationem dolorem veniam dolores amet.', 3, 13, '2019-10-31 08:07:25', '2019-10-31 08:07:25'),
	(255, 'Dignissimos explicabo nisi natus et qui dolore rerum possimus.', 'Ut recusandae rerum eligendi. Ut ducimus voluptatem placeat. Vitae animi neque et non praesentium veritatis.', 2, 40, '2019-10-31 08:07:25', '2019-10-31 08:07:25'),
	(256, 'Omnis blanditiis asperiores fugit excepturi voluptatem id.', 'Molestias officia nemo aliquid et molestiae. Aut cupiditate est nisi reiciendis minus. Omnis voluptas minima qui harum quisquam sit. Ducimus vitae aut dolore sed placeat cumque id. Ipsum nesciunt et dolore suscipit error ipsum id.', 4, 29, '2019-10-31 08:07:25', '2019-10-31 08:07:25'),
	(257, 'Asperiores odio optio iure repellat nihil autem eius.', 'Sed consequatur repellat minus consequuntur nemo amet molestias. Amet dolor et et modi excepturi consequatur nostrum perferendis. Quas et adipisci in laudantium dolore optio.', 3, 10, '2019-10-31 08:07:25', '2019-10-31 08:07:25'),
	(258, 'Sint accusamus a eaque voluptatem et quibusdam adipisci quisquam ab saepe.', 'Neque enim illo beatae id porro itaque tenetur animi. Quas corporis quis harum sit. Dolorem hic dolorum vel deserunt sed dolores.', 2, 2, '2019-10-31 08:07:25', '2019-10-31 08:07:25'),
	(259, 'Ipsa et possimus possimus officia exercitationem corrupti quo autem vel quam.', 'Rerum quae ut ex voluptatem deserunt possimus quasi. Numquam ullam culpa modi sit corporis voluptatum debitis. Quaerat voluptatem magnam neque quidem nihil omnis.', 1, 30, '2019-10-31 08:07:25', '2019-10-31 08:07:25'),
	(260, 'Ut possimus enim quas quo aut repellat et laboriosam voluptas.', 'Eos autem provident earum soluta ab occaecati tempora. Non est at vel autem qui aut pariatur. Ut accusantium non velit voluptatem optio rem. Possimus veniam molestias qui voluptatibus aspernatur officia dolor quisquam.', 1, 26, '2019-10-31 08:07:25', '2019-10-31 08:07:25'),
	(261, 'Veritatis ea ab neque quis quia et sint doloribus tenetur.', 'Non veniam voluptatem quos omnis saepe possimus in. Incidunt dolorem earum veritatis ut eveniet. Velit officia voluptate unde laboriosam velit omnis. Aut voluptatum eligendi nulla ad officia et enim.', 1, 10, '2019-10-31 08:07:25', '2019-10-31 08:07:25'),
	(262, 'Ut sunt aut quae aut reiciendis laborum rerum neque.', 'Id optio voluptas et non veritatis. Et dolor nihil qui voluptatem sunt voluptates. Totam consequatur aut dolor quos necessitatibus vero qui. Qui eius nemo qui quaerat id magnam.', 2, 43, '2019-10-31 08:07:25', '2019-10-31 08:07:25'),
	(263, 'Blanditiis soluta blanditiis est velit est praesentium eius est quia ipsam.', 'Nulla omnis quas in et esse. Sit sint voluptas beatae debitis ullam modi accusamus. Velit porro eum quibusdam reiciendis eos aut iusto ad. Nulla quia quia porro hic vitae nam.', 5, 25, '2019-10-31 08:07:25', '2019-10-31 08:07:25'),
	(264, 'Veniam qui quo quos ut ullam quo cum optio enim.', 'Id exercitationem aut id consequatur veniam inventore nisi velit. Eum quod amet et. Aut dolorem quae dolore quia quia et et possimus. Maxime perferendis iste totam autem impedit.', 3, 24, '2019-10-31 08:07:25', '2019-10-31 08:07:25'),
	(265, 'Molestiae voluptatem hic ullam qui voluptas similique.', 'Esse saepe cupiditate id necessitatibus quia doloribus suscipit. Sed numquam quo expedita nihil error quidem. Laboriosam dicta quis rerum velit.', 4, 35, '2019-10-31 08:07:25', '2019-10-31 08:07:25'),
	(266, 'Nam placeat voluptatem qui ut voluptas non vel.', 'Unde fuga est ut exercitationem est. Doloremque omnis cupiditate sed repellat ut. Et et facere iusto aliquid nisi nobis. Voluptas ducimus sed soluta animi qui recusandae dolores.', 5, 49, '2019-10-31 08:07:25', '2019-10-31 08:07:25'),
	(267, 'Rerum blanditiis ullam facere temporibus magnam minus.', 'Enim natus fugit enim omnis assumenda. Maiores minus inventore laborum est consequuntur. Facilis veritatis sapiente quod ratione similique aut ea porro. Quis quisquam dolorum omnis harum nobis quas illo accusantium. Atque vel voluptatem asperiores veritatis ut itaque recusandae.', 2, 40, '2019-10-31 08:07:25', '2019-10-31 08:07:25'),
	(268, 'Et voluptas dolor culpa repellendus quasi.', 'Aut minus ducimus eaque voluptatem exercitationem aut vitae. Fuga atque unde quis libero. Exercitationem assumenda quisquam eveniet tempore qui doloremque ea. Dicta praesentium fugiat et quidem sunt quo aperiam.', 5, 28, '2019-10-31 08:07:25', '2019-10-31 08:07:25'),
	(269, 'Laborum est cum aliquam rem debitis amet aliquam.', 'Veritatis aliquam nesciunt magnam ea quasi eius sequi. Voluptatem quas vero modi dolorum harum voluptas eligendi. Sed sunt ut et error rerum autem.', 1, 19, '2019-10-31 08:07:25', '2019-10-31 08:07:25'),
	(270, 'Repellat sed nihil iste reiciendis et et perspiciatis.', 'Occaecati dolor tenetur autem aut ratione. Autem aut quia ut ex incidunt quae in. Laboriosam quod est temporibus.', 5, 9, '2019-10-31 08:07:25', '2019-10-31 08:07:25'),
	(271, 'Laboriosam mollitia est sunt vitae quod maxime et repellendus praesentium optio.', 'Eius voluptatem eaque atque doloremque tempore occaecati. Similique quidem molestiae laborum minima dolor harum ea. Ratione esse cupiditate corporis sint consequuntur sint qui.', 2, 29, '2019-10-31 08:07:25', '2019-10-31 08:07:25'),
	(272, 'Aut deserunt est in molestiae quisquam et debitis vero.', 'At sint commodi eaque doloribus occaecati maxime. Possimus sed rem odio similique sed non ex. Consectetur sunt aut ea natus.', 3, 17, '2019-10-31 08:07:25', '2019-10-31 08:07:25'),
	(273, 'Iure beatae quisquam quos porro ratione dolorem maxime doloremque qui inventore.', 'Ea incidunt est eum voluptas. Voluptatibus est qui saepe eligendi non aperiam. Velit ea laudantium magnam et eius. Atque et quia vel porro repudiandae eos et.', 4, 47, '2019-10-31 08:07:25', '2019-10-31 08:07:25'),
	(274, 'In rerum rem est ut consequatur dolores aperiam est corrupti qui.', 'Autem harum enim non. Voluptatem ipsa debitis veritatis tempore voluptatibus porro. Doloremque sit sint modi.', 4, 5, '2019-10-31 08:07:25', '2019-10-31 08:07:25'),
	(275, 'In corrupti quibusdam sunt et omnis aut dolor voluptate.', 'Nostrum dicta et voluptate nihil. Magni et error harum sint veniam amet repudiandae assumenda. Itaque voluptas commodi mollitia repellendus.', 5, 39, '2019-10-31 08:07:25', '2019-10-31 08:07:25'),
	(276, 'Velit saepe qui laboriosam vitae ea natus et qui labore.', 'Accusantium ipsum consequuntur et omnis nesciunt dolore. Dolor similique nobis ipsam et. Itaque modi pariatur necessitatibus aut. Mollitia ratione repudiandae aut.', 1, 22, '2019-10-31 08:07:25', '2019-10-31 08:07:25'),
	(277, 'Ut reprehenderit nam dignissimos nam sint nam.', 'Reprehenderit sed maiores consequatur magni dolorum consequatur. Esse sunt saepe et quos.', 4, 28, '2019-10-31 08:07:25', '2019-10-31 08:07:25'),
	(278, 'Quo fugiat saepe aspernatur fugit deleniti saepe sit non.', 'Dignissimos illum facere enim veniam. Ab sunt atque aut possimus cum. Consequatur distinctio est odit cum recusandae placeat provident. Quo sit similique laudantium officia praesentium.', 3, 34, '2019-10-31 08:07:25', '2019-10-31 08:07:25'),
	(279, 'Qui qui ad molestiae ex molestiae qui quia architecto recusandae molestiae.', 'Quae sit saepe est omnis est. Maiores reprehenderit eos quia distinctio provident deserunt autem. Minima excepturi nihil distinctio voluptatem minima corrupti sit. Quibusdam non iste non doloribus.', 5, 7, '2019-10-31 08:07:25', '2019-10-31 08:07:25'),
	(280, 'Cumque in vero quas aliquam eos quo mollitia sapiente.', 'Nulla ut totam quibusdam magnam. Quis magnam amet deleniti quam qui distinctio. Voluptas non amet magni velit facilis.', 5, 14, '2019-10-31 08:07:25', '2019-10-31 08:07:25'),
	(281, 'Natus quis culpa quidem possimus sed unde aut.', 'Quia id qui id atque cum sequi. Magni dolores praesentium sapiente quidem qui blanditiis est. Nostrum delectus ipsa adipisci voluptatem. Nostrum numquam neque iste nihil optio id.', 5, 15, '2019-10-31 08:07:25', '2019-10-31 08:07:25'),
	(282, 'Odit nisi atque deserunt exercitationem non possimus est dicta est.', 'Natus expedita deleniti voluptas dignissimos vel ea voluptatem reiciendis. Natus atque non aut veniam eum iusto earum. Voluptates inventore sint minus culpa rerum id nihil.', 1, 28, '2019-10-31 08:07:25', '2019-10-31 08:07:25'),
	(283, 'Ut cumque beatae culpa itaque et nihil neque unde similique.', 'Ab repellendus voluptatum est est. Provident alias excepturi harum vitae cum quas aut. Sint et cum est sapiente sunt voluptatum.', 1, 20, '2019-10-31 08:07:25', '2019-10-31 08:07:25'),
	(284, 'Consequuntur ut sit quia aliquid quidem aut non.', 'Cumque eum facilis repellendus aut incidunt et porro tempora. Est placeat repudiandae cum error eveniet. Officiis vel nam ducimus voluptatem aut quasi facere.', 5, 45, '2019-10-31 08:07:25', '2019-10-31 08:07:25'),
	(285, 'Ab unde repellat placeat accusantium cumque quis mollitia iure maiores.', 'Iusto officia placeat soluta. Eos perferendis odit rerum autem aspernatur commodi. Nostrum rerum rerum deleniti maxime culpa. Eius magni numquam perspiciatis voluptates.', 3, 42, '2019-10-31 08:07:25', '2019-10-31 08:07:25'),
	(286, 'Adipisci velit veniam error dolorem voluptas.', 'Sunt consequuntur pariatur alias neque. Et ullam debitis impedit incidunt. Non sit soluta explicabo sunt autem delectus.', 2, 11, '2019-10-31 08:07:25', '2019-10-31 08:07:25'),
	(287, 'Ut ex qui sed omnis autem tempora libero iusto omnis illum.', 'Voluptatem maxime voluptate a. Illum beatae voluptatibus et et quia corporis ad eligendi. Iure dolorem maxime ut rem velit sunt quidem cumque. Aut id libero nemo error et.', 4, 28, '2019-10-31 08:07:25', '2019-10-31 08:07:25'),
	(288, 'Cumque non et sint fugiat est natus aperiam ea molestiae.', 'Natus fugiat alias unde quia laboriosam. Quis nobis quae nemo aut eaque. Earum deleniti dolorum beatae odit natus quia.', 1, 36, '2019-10-31 08:07:25', '2019-10-31 08:07:25'),
	(289, 'Libero a repudiandae magni et voluptatem labore tenetur.', 'Fuga quos aut odit autem veritatis aperiam animi ut. Illo delectus asperiores soluta. Rem laborum impedit accusamus minus ducimus quisquam. Consectetur exercitationem molestiae qui reprehenderit repudiandae et.', 1, 38, '2019-10-31 08:07:25', '2019-10-31 08:07:25'),
	(290, 'Quo animi nobis perferendis ab earum possimus natus.', 'Aut natus perspiciatis non ea maxime voluptatem aut. Vel qui ad autem rerum ipsum. Adipisci a voluptatem quas quos eius quos minima rerum.', 1, 46, '2019-10-31 08:07:25', '2019-10-31 08:07:25'),
	(291, 'Soluta quae aliquam fuga qui qui.', 'Quae sed asperiores fuga et excepturi. Error alias quasi asperiores ut nisi. Est vel ratione voluptatem reprehenderit ea dolorem.', 2, 32, '2019-10-31 08:07:25', '2019-10-31 08:07:25'),
	(292, 'Est adipisci laboriosam animi repudiandae ut.', 'Maiores ut debitis dolor sapiente reiciendis suscipit. Dolor laboriosam nisi minima et. Nobis quidem quis fugiat eveniet qui quisquam voluptate. In eum ipsa et.', 3, 6, '2019-10-31 08:07:25', '2019-10-31 08:07:25'),
	(293, 'Itaque consequuntur vero sit delectus quidem iusto voluptatem qui.', 'Tempora reprehenderit dolores sint quae suscipit quidem aliquid. Repellendus possimus tenetur labore accusamus molestiae dolorum nemo.', 4, 19, '2019-10-31 08:07:25', '2019-10-31 08:07:25'),
	(294, 'Qui libero numquam voluptate rerum consequuntur quasi adipisci aliquam.', 'In et fugit consequatur vel molestias. Maxime et nisi et ut omnis. Iusto qui et vel qui veniam est. Est alias consequatur quia possimus repellendus ea qui. Modi odio tempore id nemo.', 1, 25, '2019-10-31 08:07:25', '2019-10-31 08:07:25'),
	(295, 'Amet neque qui maiores similique atque.', 'Velit ipsam ut vero minima eveniet sed. Aut inventore perspiciatis qui enim. Nobis error ut quidem iure. Error nostrum illo cumque velit.', 1, 37, '2019-10-31 08:07:25', '2019-10-31 08:07:25'),
	(296, 'Possimus quo ipsam ullam sit et eum incidunt vel.', 'Architecto eum pariatur architecto deserunt minima nihil velit. Ea est dolore delectus qui. Possimus eos mollitia sit nihil fugit.', 3, 10, '2019-10-31 08:07:25', '2019-10-31 08:07:25'),
	(297, 'Illo repellendus possimus in consequatur repellendus occaecati ratione rerum cupiditate fugit.', 'Dicta impedit vel magni dignissimos qui quis. Minima dolor dolores vel corporis. Nihil repudiandae harum et ab cum.', 2, 27, '2019-10-31 08:07:25', '2019-10-31 08:07:25'),
	(298, 'Ut at soluta vel in enim voluptatibus dignissimos et officia accusamus.', 'Earum et nemo dolorem at laborum ratione. Qui non error debitis aliquid temporibus quibusdam magni. Sed qui aperiam nesciunt ut laudantium corporis.', 2, 46, '2019-10-31 08:07:25', '2019-10-31 08:07:25'),
	(299, 'Qui est sequi hic non quia delectus consectetur ducimus sunt soluta.', 'Cumque excepturi ut et est et. Nemo quis enim qui et adipisci. Dolorum dolorum et quasi veritatis quo reprehenderit.', 3, 46, '2019-10-31 08:07:25', '2019-10-31 08:07:25'),
	(300, 'Ea aliquid explicabo quidem non deserunt at molestias aut beatae.', 'Voluptatem recusandae enim quisquam. Perspiciatis cupiditate aliquid nobis. Nostrum error voluptatem aliquid debitis expedita omnis. Iure delectus amet vel quo numquam quia tenetur.', 3, 20, '2019-10-31 08:07:25', '2019-10-31 08:07:25'),
	(301, 'Qui quasi porro quaerat repudiandae est inventore porro molestias rerum qui.', 'Ex molestiae quia est ut accusamus. Quo distinctio in et architecto dolorem. Error sed sit quis aliquid voluptates. Velit atque vel quo praesentium.', 1, 43, '2019-10-31 08:07:25', '2019-10-31 08:07:25'),
	(302, 'Aut alias velit qui pariatur aut sint facilis.', 'Culpa eaque amet ut facilis. Perferendis iste voluptates repellendus qui. Dolore quo et quia et. Iusto dolor dolorum cum ratione numquam. Voluptas at quidem expedita ad officia officiis.', 4, 12, '2019-10-31 08:07:25', '2019-10-31 08:07:25'),
	(303, 'Atque velit tenetur corporis ut aut velit rerum quia.', 'Aut nobis sit quo architecto ad et illum. Fuga et ea esse commodi.', 5, 40, '2019-10-31 08:07:25', '2019-10-31 08:07:25'),
	(304, 'Cum et voluptates doloribus voluptatem enim perferendis dolore.', 'Ut velit magnam minus corporis blanditiis et optio. Modi et debitis ut molestias consequatur ut fuga. Voluptas ut hic adipisci et vel fugit aut temporibus.', 1, 34, '2019-10-31 08:07:25', '2019-10-31 08:07:25'),
	(305, 'Ipsum animi ut tempore alias voluptatem.', 'Quas quidem non cum ducimus voluptatibus nam. Sint quod consequatur omnis aut sed id quos. Nihil corporis ipsum explicabo maxime.', 1, 28, '2019-10-31 08:07:25', '2019-10-31 08:07:25'),
	(306, 'Delectus et ad nulla voluptates beatae eos rem et quia omnis.', 'Ut ipsum et nam ut. Vero libero ut natus dicta et. Dolores ea blanditiis et aut sint. Labore tempore aspernatur quidem. Repellat voluptatem facilis amet est est ea aspernatur.', 4, 48, '2019-10-31 08:07:25', '2019-10-31 08:07:25'),
	(307, 'Ea occaecati ducimus vero facilis vitae officiis.', 'Aut totam fuga quis. Nesciunt ut aut odio. Aut laborum et qui corporis non nihil.', 3, 8, '2019-10-31 08:07:25', '2019-10-31 08:07:25'),
	(308, 'Non commodi animi dolorum eaque consequatur ab quae quibusdam eum.', 'Voluptas et velit nam esse nihil voluptatem nulla. Est ea optio delectus ipsum maiores eum. Debitis atque error enim nesciunt nostrum.', 1, 38, '2019-10-31 08:07:25', '2019-10-31 08:07:25'),
	(309, 'Voluptate facilis iure suscipit rerum laboriosam.', 'Dolores doloremque tempore deserunt facilis. Voluptas rerum tenetur ut voluptatibus porro minus est. Qui saepe maxime tempore sint aut facilis.', 1, 24, '2019-10-31 08:07:25', '2019-10-31 08:07:25'),
	(310, 'Laudantium laudantium ullam quia sed mollitia facere.', 'Dolor explicabo corporis vitae qui sit nihil et. A aut ea qui quis. Consectetur excepturi quis recusandae velit et pariatur possimus.', 1, 50, '2019-10-31 08:07:25', '2019-10-31 08:07:25'),
	(311, 'Sit quo nulla est molestias ducimus ipsa in sunt.', 'Odio laudantium voluptatum nihil autem maxime ea distinctio. Ducimus similique culpa modi explicabo saepe. Eius consequuntur voluptatem explicabo voluptatem facere mollitia. Laborum nemo quod nemo recusandae et iure odio.', 5, 38, '2019-10-31 08:07:25', '2019-10-31 08:07:25'),
	(312, 'Et enim corrupti est delectus dolorum.', 'Quo nam magni sit culpa occaecati iusto commodi. Expedita aliquam et quia assumenda perspiciatis excepturi consequuntur. Sint et laboriosam deserunt ut. Minima in et eius animi deleniti.', 3, 19, '2019-10-31 08:07:25', '2019-10-31 08:07:25'),
	(313, 'Officia facilis eum illum accusantium quae.', 'Eius corporis quibusdam eius assumenda earum officia facere. Nihil aliquam natus voluptas molestiae expedita.', 4, 31, '2019-10-31 08:07:25', '2019-10-31 08:07:25'),
	(314, 'Consequatur accusantium quaerat ut tempora autem temporibus quis cum atque autem.', 'Optio consectetur cupiditate rerum quaerat. Minus rerum aspernatur et et ad vitae exercitationem ipsa. Sit omnis velit non sed amet.', 1, 15, '2019-10-31 08:07:25', '2019-10-31 08:07:25'),
	(315, 'Nostrum reiciendis sint et et enim dicta architecto ut.', 'Vero ut ad aut. Possimus consectetur enim sed optio. Aspernatur qui magnam voluptatum vero aliquid et vel provident. Ipsa quisquam culpa id nesciunt iure architecto.', 4, 2, '2019-10-31 08:07:25', '2019-10-31 08:07:25'),
	(316, 'Quae ut unde a id dolorum.', 'Ab voluptates voluptas soluta sequi. Et quisquam eos iure ducimus perspiciatis architecto. Commodi tenetur dicta at doloribus.', 4, 11, '2019-10-31 08:07:25', '2019-10-31 08:07:25'),
	(317, 'Exercitationem quidem et similique reiciendis corporis aliquam aut ad quia porro.', 'Dolores deleniti odio consequatur. Explicabo fuga assumenda veritatis consectetur officiis quaerat et asperiores. Aperiam suscipit architecto in aut blanditiis iure. Porro vitae quia ipsum sequi error animi tenetur quidem.', 2, 28, '2019-10-31 08:07:25', '2019-10-31 08:07:25'),
	(318, 'Et voluptas adipisci pariatur itaque consequatur.', 'Quibusdam eum porro voluptate reiciendis tempora delectus ipsa eveniet. Laboriosam minima vel dolore id nihil reiciendis.', 3, 28, '2019-10-31 08:07:25', '2019-10-31 08:07:25'),
	(319, 'Non odit laudantium ipsam doloribus enim quis ipsam.', 'Sit aliquid facilis aut ullam ipsa. Repellat necessitatibus deleniti natus saepe. Perferendis est accusantium voluptatem fugit voluptas quam aperiam. Fugit repellendus laboriosam excepturi iste nemo architecto ratione.', 1, 48, '2019-10-31 08:07:25', '2019-10-31 08:07:25'),
	(320, 'Iusto vero omnis aliquam alias facere beatae ratione.', 'Fugiat dolores aut repudiandae non repellat sunt. Laboriosam doloribus autem rem nulla cum nesciunt. Animi esse nulla tempora at facere quia exercitationem.', 3, 4, '2019-10-31 08:07:25', '2019-10-31 08:07:25'),
	(321, 'Ratione ipsum earum eos ut suscipit at quo saepe tenetur labore.', 'Dolor dolorem omnis illo vel laborum est error. Vitae molestiae sunt facilis alias perspiciatis odio. Ratione eum praesentium accusamus dolore deserunt facilis.', 3, 9, '2019-10-31 08:07:25', '2019-10-31 08:07:25'),
	(322, 'Nihil distinctio vitae rerum sint et aliquam.', 'Incidunt ullam sint ad atque minima inventore ut. Eius laborum incidunt quia enim fugiat eum quidem. Facilis blanditiis cumque natus quam veniam. Qui delectus ab ut laudantium assumenda beatae consequatur. Ipsum similique architecto et et architecto suscipit rerum sed.', 3, 17, '2019-10-31 08:07:25', '2019-10-31 08:07:25'),
	(323, 'Amet velit dolor quisquam delectus tenetur accusamus adipisci illum tempore.', 'Rerum laborum et itaque possimus nostrum quisquam aliquid. Rerum modi tenetur omnis quia facere. Officiis mollitia praesentium voluptatem esse et. Quia et sed fugiat sunt.', 4, 40, '2019-10-31 08:07:25', '2019-10-31 08:07:25'),
	(324, 'Voluptatem laudantium qui hic quis ipsam itaque et.', 'In sit at quam fuga delectus eum fuga occaecati. Suscipit suscipit quas aut laborum nisi. Quaerat similique quae eligendi laboriosam consequatur distinctio et.', 2, 22, '2019-10-31 08:07:25', '2019-10-31 08:07:25'),
	(325, 'Tempore eveniet vitae commodi et beatae dolorum consequatur blanditiis natus.', 'Quia facilis enim necessitatibus magnam sit eaque cum. Et expedita saepe quidem omnis architecto sit. Ipsam quos et eum et qui porro. Dicta tempora sed odio et architecto.', 1, 28, '2019-10-31 08:07:25', '2019-10-31 08:07:25'),
	(326, 'Eius ut qui qui ut numquam numquam dolorem eligendi autem quis.', 'Totam temporibus veritatis quo sit quo porro voluptatem eaque. Officia ut magni adipisci. Ea doloribus tenetur et ut. Quisquam animi quisquam asperiores aut sit.', 3, 35, '2019-10-31 08:07:25', '2019-10-31 08:07:25'),
	(327, 'Nemo molestiae nulla maiores aut dolorem velit consectetur cupiditate recusandae.', 'Beatae totam et qui ut non accusantium. Harum impedit in nihil iste molestiae iusto ea. Qui ratione eos expedita. Nihil nemo modi maiores voluptates deleniti tenetur et.', 4, 29, '2019-10-31 08:07:25', '2019-10-31 08:07:25'),
	(328, 'Exercitationem blanditiis iusto iusto autem sunt consequatur atque aut est.', 'Est est consequatur aliquam et dolores odio. Repudiandae sint magni quis laboriosam ut. Et consectetur aspernatur quos error ut autem. Nihil labore deleniti ea voluptatibus officia omnis.', 2, 46, '2019-10-31 08:07:25', '2019-10-31 08:07:25'),
	(329, 'Laudantium explicabo aut quod doloremque voluptatem minus dicta aperiam sit.', 'Et et aspernatur eaque commodi. Asperiores ratione et sunt id aut. Saepe ut delectus accusamus odio tenetur.', 3, 32, '2019-10-31 08:07:25', '2019-10-31 08:07:25'),
	(330, 'Reiciendis amet voluptates harum non numquam fugit eos.', 'Praesentium repudiandae ipsa ratione tenetur. Occaecati sed rerum iusto sint omnis quae quibusdam. Voluptate et quasi maiores consequatur. Dolores quod exercitationem ut saepe eius quam. Rerum neque unde aut aliquid et.', 1, 3, '2019-10-31 08:07:25', '2019-10-31 08:07:25'),
	(331, 'Eos assumenda est sit commodi voluptatem.', 'Adipisci non qui est culpa dolores. Ad reprehenderit et minima nobis modi. Sit debitis ut porro incidunt. Et quaerat ea nesciunt praesentium.', 2, 18, '2019-10-31 08:07:25', '2019-10-31 08:07:25'),
	(332, 'Harum ut consequatur consectetur reprehenderit.', 'Ab voluptates voluptatem at qui quo. Et sint quae quidem nobis. In asperiores adipisci quasi illum qui cum. Ad ex ut voluptate velit ut possimus nemo illo.', 5, 36, '2019-10-31 08:07:25', '2019-10-31 08:07:25'),
	(333, 'Ut vel magni voluptas corrupti quos numquam ipsam.', 'Molestiae qui nostrum odit sunt eveniet facilis. Quaerat voluptas expedita vel quo qui rerum doloremque sed. Labore quas voluptatum repellendus veritatis fugiat in sed fuga. Quo ut fugit quidem quisquam aliquid soluta illum sed.', 2, 4, '2019-10-31 08:07:25', '2019-10-31 08:07:25'),
	(334, 'Consequatur excepturi eos nesciunt alias excepturi natus vel.', 'Sint nostrum occaecati voluptatem ut dignissimos quia nam. Impedit dignissimos sequi iste et sunt voluptatum excepturi. Earum et aut et recusandae soluta delectus. Cum provident enim omnis sunt aliquid cum omnis.', 4, 28, '2019-10-31 08:07:25', '2019-10-31 08:07:25'),
	(335, 'Qui voluptas aperiam delectus adipisci in.', 'Ratione minima non voluptas excepturi id porro repellat accusamus. A qui dicta enim esse. Sit dolorum a non aut eos in. Fuga ratione debitis reiciendis et unde et sit odio.', 1, 20, '2019-10-31 08:07:25', '2019-10-31 08:07:25'),
	(336, 'Ducimus est qui alias mollitia nihil recusandae molestiae alias molestias rerum ea.', 'Ut sint suscipit labore aut. Numquam aspernatur rerum est voluptates occaecati cumque.', 1, 13, '2019-10-31 08:07:25', '2019-10-31 08:07:25'),
	(337, 'Nulla excepturi qui aut velit minima amet et molestiae.', 'Sit libero sunt odio a debitis. Enim in est sapiente voluptate. Voluptas eos quaerat animi quisquam placeat saepe occaecati quidem. Aliquid doloribus blanditiis dolorem neque dolores incidunt ipsum magni.', 3, 28, '2019-10-31 08:07:25', '2019-10-31 08:07:25'),
	(338, 'Officia sint eveniet rerum quis odit iure rerum ullam consequuntur eaque odio.', 'Culpa nam sint autem placeat cupiditate quisquam sint. Quia hic consectetur odio omnis dolore. Ratione placeat deleniti velit eveniet.', 5, 46, '2019-10-31 08:07:25', '2019-10-31 08:07:25'),
	(339, 'Ut iusto autem non possimus dignissimos.', 'Rem incidunt fugit a ea. Corporis qui qui expedita. Animi corrupti sit reiciendis sint suscipit in blanditiis. Cupiditate ratione suscipit a ex.', 5, 31, '2019-10-31 08:07:25', '2019-10-31 08:07:25'),
	(340, 'Accusantium voluptas est cum neque et explicabo voluptatem perspiciatis autem.', 'Sed nihil modi dignissimos sed nam. Repudiandae molestiae voluptates rem consequatur qui cumque placeat. Voluptatem sed aut aut est consectetur.', 1, 46, '2019-10-31 08:07:25', '2019-10-31 08:07:25'),
	(341, 'At veniam quae voluptates ipsam et veniam itaque tempore.', 'Nisi quos a error accusantium totam hic. Quo nam quas voluptatem voluptas mollitia molestias vel ea. Voluptatem explicabo voluptas inventore iure animi. Sit eligendi molestiae aut veniam consequatur. Doloremque voluptatem eum accusamus facilis quia autem et.', 5, 28, '2019-10-31 08:07:25', '2019-10-31 08:07:25'),
	(342, 'Mollitia asperiores dolores dolore beatae quia delectus accusantium et.', 'Unde modi sed molestiae reprehenderit tempore atque ut. Natus eum sit quo. Aut maiores quia quis sit iusto sit.', 4, 26, '2019-10-31 08:07:25', '2019-10-31 08:07:25'),
	(343, 'Nemo animi est sed quidem porro aut odio.', 'Repellendus alias dicta quam sit molestias. Cum voluptas adipisci ipsam qui aut accusamus voluptas. Placeat excepturi nemo sequi incidunt nisi. Adipisci sit eos neque eaque.', 4, 39, '2019-10-31 08:07:25', '2019-10-31 08:07:25'),
	(344, 'Dolorem dolor repellat architecto fuga est ea et labore.', 'Laboriosam porro aut sed iure. Molestiae quae et voluptas ducimus. Molestiae enim modi neque voluptas.', 3, 4, '2019-10-31 08:07:25', '2019-10-31 08:07:25'),
	(345, 'Illo corrupti quas reiciendis molestiae totam omnis dolorem.', 'Qui autem nostrum ut ipsam. Deserunt veniam voluptatum voluptas in deserunt mollitia facere et. Cumque sequi sequi veniam voluptates recusandae eius. Quod tenetur vero nam.', 4, 4, '2019-10-31 08:07:25', '2019-10-31 08:07:25'),
	(346, 'Quia delectus nam omnis consequatur culpa.', 'Tempora possimus dolorem ratione dolor officiis possimus. Quae rem iste autem sequi.', 4, 34, '2019-10-31 08:07:25', '2019-10-31 08:07:25'),
	(347, 'Non molestias maxime autem voluptas nihil officia pariatur.', 'Est autem qui aperiam neque occaecati. Mollitia numquam voluptatibus distinctio atque rem exercitationem occaecati. Consequuntur aspernatur rem nulla nulla. Quis quo molestiae corporis consectetur ratione quam.', 5, 5, '2019-10-31 08:07:25', '2019-10-31 08:07:25'),
	(348, 'Sit officia est et unde sit sit.', 'Enim reprehenderit quas dignissimos harum. Totam ex tempora enim corrupti quae. Aliquam voluptas et est quam quia velit nulla. In accusantium ut perferendis quam.', 4, 46, '2019-10-31 08:07:26', '2019-10-31 08:07:26'),
	(349, 'Qui nemo laudantium et voluptate similique et.', 'Laudantium distinctio repudiandae pariatur et cumque ad delectus. Nihil explicabo exercitationem non quaerat. Consequuntur nisi aperiam placeat maxime. Illum consequatur reprehenderit modi vel.', 2, 3, '2019-10-31 08:07:26', '2019-10-31 08:07:26'),
	(350, 'Quae et ipsa nesciunt quidem vitae molestiae impedit sunt.', 'Quod distinctio velit voluptas distinctio repellendus qui optio deserunt. Autem exercitationem rerum similique. Dicta reprehenderit sit est eos nam tempore ad expedita. Facere quisquam itaque labore doloribus dolores odit est.', 4, 6, '2019-10-31 08:07:26', '2019-10-31 08:07:26'),
	(351, 'Accusantium eligendi consequatur facilis voluptatem nisi.', 'Provident id nobis nulla sint ut et. Ea non aut dolorem sapiente. Iure est sed eligendi odio.', 3, 21, '2019-10-31 08:07:26', '2019-10-31 08:07:26'),
	(352, 'Aut aut porro sit quo non at.', 'Quis vitae quidem in fuga ea facere labore. Id nostrum et omnis aut nam quas. Et autem sed rerum fugit et. Voluptas ipsa qui ducimus eos culpa.', 3, 50, '2019-10-31 08:07:26', '2019-10-31 08:07:26'),
	(353, 'Tempore ut aut voluptatem nostrum cupiditate.', 'Ea dignissimos eaque dolore repudiandae voluptatem culpa illo. Omnis totam eos est quo quaerat magnam et. Sequi et soluta dolor voluptas cum accusantium ut. Est omnis aut eveniet voluptate.', 3, 21, '2019-10-31 08:07:26', '2019-10-31 08:07:26'),
	(354, 'Id quod magnam est aut recusandae rerum error.', 'Exercitationem nisi temporibus consequatur deserunt voluptate et. Temporibus molestias qui voluptate aut ullam dolor. Sed voluptate harum perferendis quis doloribus nam.', 3, 35, '2019-10-31 08:07:26', '2019-10-31 08:07:26'),
	(355, 'Officiis et vitae eos aperiam quia.', 'Soluta voluptas quisquam veniam vitae est fuga neque. Ex deleniti sequi odit est. Et sit autem natus incidunt occaecati. Quibusdam molestiae suscipit eos sint laborum dolorum earum.', 5, 50, '2019-10-31 08:07:26', '2019-10-31 08:07:26'),
	(356, 'Autem atque totam et laboriosam iure veniam qui consequatur asperiores numquam.', 'Non ipsam nostrum non corrupti. Et qui sunt tempora repellendus eum. Praesentium dolores distinctio vitae nemo deleniti deleniti ullam molestias.', 1, 18, '2019-10-31 08:07:26', '2019-10-31 08:07:26'),
	(357, 'Dignissimos necessitatibus molestias unde sunt quos.', 'Dolore mollitia vero id et nihil. Recusandae facere adipisci et soluta nihil corrupti recusandae. Ea aut enim dolorem quia. Qui pariatur sed dolores voluptatem fugiat sed. Qui totam dolor voluptatem deserunt rerum non.', 5, 37, '2019-10-31 08:07:26', '2019-10-31 08:07:26'),
	(358, 'Suscipit dolorem sit excepturi non qui aut in veritatis eligendi sapiente.', 'Sequi aut voluptatum id. Ad rerum laborum saepe sint alias. Quam et consequatur nihil.', 2, 7, '2019-10-31 08:07:26', '2019-10-31 08:07:26'),
	(359, 'Sit omnis distinctio et iusto enim reiciendis.', 'Sunt qui consequatur et sint molestiae. Minima et omnis sunt. Et maxime consequuntur nam sed iure et assumenda. Ab et mollitia consequatur illo et fuga.', 3, 15, '2019-10-31 08:07:26', '2019-10-31 08:07:26'),
	(360, 'Odit laboriosam quam doloribus suscipit et.', 'Non dolore ea et eius. Qui deleniti totam at vel fugiat delectus provident. Et magnam illo occaecati iste voluptas exercitationem. Culpa dolorem quae et fuga eos atque.', 4, 25, '2019-10-31 08:07:26', '2019-10-31 08:07:26'),
	(361, 'Deleniti laboriosam tempora molestias dolores quo.', 'Non sit voluptas exercitationem sed omnis dolores quo. Eum consequuntur et error. Quis hic et hic cumque voluptatem. Est inventore itaque sit accusantium dolorem nostrum.', 1, 19, '2019-10-31 08:07:26', '2019-10-31 08:07:26'),
	(362, 'Explicabo voluptates laboriosam veniam qui est quos.', 'Hic non rerum enim aut. Non quod voluptatum corporis esse hic dolor. Maxime rerum dolorem placeat a deserunt.', 2, 22, '2019-10-31 08:07:26', '2019-10-31 08:07:26'),
	(363, 'Sed reprehenderit unde non dolores quos cupiditate earum et animi.', 'Rerum praesentium laudantium voluptas quibusdam voluptatem itaque totam. Ipsam possimus dolorem magnam laborum. Eaque beatae et debitis distinctio iure et.', 4, 3, '2019-10-31 08:07:26', '2019-10-31 08:07:26'),
	(364, 'Tenetur cumque dolorem temporibus reprehenderit error temporibus.', 'Nemo et fuga ut delectus delectus recusandae sint. Omnis non dolor culpa qui dolor iure debitis. Occaecati dolor soluta dolores culpa ducimus. Nobis voluptatem ullam et autem quos assumenda facere expedita. Aut labore dolores modi.', 5, 8, '2019-10-31 08:07:26', '2019-10-31 08:07:26'),
	(365, 'Eveniet rerum qui est et illo dolor illo et omnis sed.', 'Quia qui soluta architecto sit asperiores beatae qui. Velit magnam odit cumque. Est quia et ad cum excepturi. Occaecati ratione reiciendis vitae excepturi sint rem.', 4, 21, '2019-10-31 08:07:26', '2019-10-31 08:07:26'),
	(366, 'Sint possimus fugit molestiae fugit ex.', 'Quia autem architecto et laborum error blanditiis. Eum non itaque magni quae exercitationem ut rerum. Doloribus dolores blanditiis dolor perspiciatis.', 4, 37, '2019-10-31 08:07:26', '2019-10-31 08:07:26'),
	(367, 'Autem eveniet architecto doloribus id natus sint est nemo accusantium reprehenderit.', 'Quod rerum qui architecto aut officiis qui. Reiciendis ullam voluptas consectetur repellendus pariatur. Esse dicta repellat repudiandae quia.', 1, 39, '2019-10-31 08:07:26', '2019-10-31 08:07:26'),
	(368, 'Dolor sit nisi dignissimos asperiores voluptas unde corporis voluptatem.', 'Voluptatem nihil aut eius corporis. Est eveniet dignissimos eum saepe.', 2, 35, '2019-10-31 08:07:26', '2019-10-31 08:07:26'),
	(369, 'Aut necessitatibus qui fugit expedita accusamus debitis cupiditate.', 'Itaque dolor fugiat quo animi est est quo. Ipsum eum delectus consequatur. Aut amet quidem exercitationem est modi voluptas doloribus error.', 3, 33, '2019-10-31 08:07:26', '2019-10-31 08:07:26'),
	(370, 'Facere magni aliquam eaque quas aperiam aperiam est libero.', 'Ratione omnis quia iure ut. Dignissimos qui eos doloremque architecto dolores ullam. Nam odit qui nemo sed necessitatibus.', 5, 32, '2019-10-31 08:07:26', '2019-10-31 08:07:26'),
	(371, 'Repellat illum provident sunt dolor nisi accusamus nihil voluptatibus voluptates.', 'Ut dolore accusamus dolor qui id. Vero explicabo quod quidem corrupti ipsam. Exercitationem voluptate officia nemo aut odit aspernatur. Cum quis facere necessitatibus omnis nesciunt nam ut.', 1, 5, '2019-10-31 08:07:26', '2019-10-31 08:07:26'),
	(372, 'Nostrum porro dolor veritatis beatae nihil nostrum.', 'In ducimus ea autem. Consequatur assumenda veniam quibusdam voluptas. Dicta voluptatem qui quo architecto eum.', 3, 10, '2019-10-31 08:07:26', '2019-10-31 08:07:26'),
	(373, 'Et qui ad soluta voluptatem magnam et hic est.', 'Velit tempore a impedit eum distinctio sapiente ut. Ea mollitia ullam voluptas qui eaque.', 2, 42, '2019-10-31 08:07:26', '2019-10-31 08:07:26'),
	(374, 'Voluptatem repellendus qui cupiditate voluptatum pariatur et.', 'Occaecati fugit nobis consectetur libero a minus. Totam commodi asperiores quos minus. Cupiditate ad qui amet vitae. Est sit sed ullam velit qui sint.', 2, 37, '2019-10-31 08:07:26', '2019-10-31 08:07:26'),
	(375, 'Molestias quibusdam quos illum qui atque eos sequi deleniti perferendis sed.', 'Non est rerum cumque dolore. Voluptas molestias provident recusandae eum adipisci ipsum. Ratione ullam et earum pariatur.', 2, 48, '2019-10-31 08:07:26', '2019-10-31 08:07:26'),
	(376, 'Perferendis dolorem et dolores perferendis ipsa vel aliquam.', 'Tenetur quia sed odio molestiae ad eius. Qui expedita atque dolore consequatur cumque. Eum mollitia saepe rerum vitae atque. Qui incidunt sed sit repellat qui eius.', 2, 20, '2019-10-31 08:07:26', '2019-10-31 08:07:26'),
	(377, 'Consequuntur eius inventore omnis distinctio voluptas nulla omnis.', 'Nobis doloremque amet ut. Excepturi voluptas voluptate quam saepe ut. Officia minima quia est sed eum explicabo nobis. Eum fuga sit qui aut aspernatur autem. Laudantium eos qui nisi recusandae fugiat.', 4, 29, '2019-10-31 08:07:26', '2019-10-31 08:07:26'),
	(378, 'Rerum illum harum ut veniam mollitia vero sit neque.', 'Quo dolor neque tempora. Voluptatem omnis eius distinctio expedita et excepturi. Qui nesciunt corrupti tempora voluptates sed facilis at. Consequuntur laborum alias est et ea sit.', 3, 28, '2019-10-31 08:07:26', '2019-10-31 08:07:26'),
	(379, 'In qui suscipit a consequatur sed aspernatur voluptates beatae commodi est.', 'Nulla soluta pariatur quasi molestiae ratione nam iusto. Esse dolore minus corrupti consectetur fugit repellendus dolore. Est nisi suscipit reiciendis omnis. Facere sed est voluptatem ut ut molestias iusto.', 2, 2, '2019-10-31 08:07:26', '2019-10-31 08:07:26'),
	(380, 'Illum neque nihil ut qui pariatur ut molestiae vel.', 'Fugit id nemo dolore sit ut quia. Dolores hic officia iste tempore sunt doloribus sunt. Autem possimus ipsam blanditiis aspernatur et nesciunt. Dolor et itaque quia corporis eos.', 1, 10, '2019-10-31 08:07:26', '2019-10-31 08:07:26'),
	(381, 'Quod sunt voluptas ut aliquam explicabo mollitia at.', 'Quisquam in sit vel. Voluptas nostrum nemo esse. Temporibus inventore laudantium tempore molestiae sunt.', 2, 39, '2019-10-31 08:07:26', '2019-10-31 08:07:26'),
	(382, 'Eaque quis dolorem quaerat molestiae odio fugiat.', 'Quia reprehenderit vel eum accusamus id ut facilis. Blanditiis rem ad ratione dicta quia ipsum. Sunt veniam ad vel deserunt odio.', 2, 30, '2019-10-31 08:07:26', '2019-10-31 08:07:26'),
	(383, 'Labore ab eaque repellat ut eveniet mollitia et laborum ut veritatis.', 'Nostrum cum non illo esse. Optio dignissimos sint aspernatur autem sunt. Ea iste excepturi et nobis nisi rerum veritatis.', 3, 36, '2019-10-31 08:07:26', '2019-10-31 08:07:26'),
	(384, 'Rerum ut quam soluta maiores ut eos aliquam voluptatem iure.', 'Eaque quod voluptas aliquam. Et voluptatum ut eligendi rem voluptates earum rerum. Consectetur qui et vel ipsam asperiores et et. Veniam porro alias odio architecto sed neque.', 5, 13, '2019-10-31 08:07:26', '2019-10-31 08:07:26'),
	(385, 'Rerum dicta assumenda ut error nisi eum.', 'Quisquam laborum dolor blanditiis vel ad. Est commodi dolores vitae laudantium. Commodi doloremque odit in et.', 2, 34, '2019-10-31 08:07:26', '2019-10-31 08:07:26'),
	(386, 'Nihil voluptatem aperiam aliquid ut sed provident aliquid.', 'Quo animi nam nulla quo reprehenderit. Fugit dolores qui sit sit temporibus omnis.', 1, 22, '2019-10-31 08:07:26', '2019-10-31 08:07:26'),
	(387, 'Quidem laborum magni est facilis voluptates qui temporibus totam aspernatur.', 'Aut voluptas qui eveniet autem velit. Quia alias sit voluptas earum eligendi. Vel totam nobis et consequatur.', 1, 31, '2019-10-31 08:07:26', '2019-10-31 08:07:26'),
	(388, 'Veniam magni veniam autem voluptatem iure ut repudiandae deserunt reprehenderit.', 'Quo odit debitis neque nesciunt magni. Amet beatae ea et. Ad totam quos possimus vel dolor.', 5, 28, '2019-10-31 08:07:26', '2019-10-31 08:07:26'),
	(389, 'Optio ratione odio ullam dolore est dignissimos maxime.', 'In consequuntur nihil ut qui. Quidem est voluptatem distinctio. Dignissimos rerum cumque tempore nostrum qui.', 3, 7, '2019-10-31 08:07:26', '2019-10-31 08:07:26'),
	(390, 'Ea dolor dolor maiores suscipit rerum distinctio suscipit ut.', 'Accusantium vero quia nemo sequi est voluptatibus. Nihil sequi expedita aut ea. Nostrum esse sed quo voluptas consequatur.', 1, 39, '2019-10-31 08:07:26', '2019-10-31 08:07:26'),
	(391, 'Id fugiat aut qui quaerat laborum voluptatem aut.', 'Voluptatem omnis optio aperiam animi adipisci quo molestiae. Culpa eaque et deserunt occaecati est ipsum est. Neque quisquam provident corporis ex ut a cumque. Suscipit unde fuga reprehenderit quam.', 2, 34, '2019-10-31 08:07:26', '2019-10-31 08:07:26'),
	(392, 'Rerum qui possimus maxime et recusandae doloribus et porro maiores rerum velit.', 'Tenetur et ipsum illum magnam impedit ea. Omnis nesciunt voluptatum esse neque et qui ut. Sit rerum dolorem consectetur laborum molestiae cumque. Ut aspernatur et reprehenderit et nihil praesentium.', 5, 39, '2019-10-31 08:07:26', '2019-10-31 08:07:26'),
	(393, 'Aut corporis quam ut sit repellat autem.', 'Dolores dolorem omnis tempora. Et qui iusto molestiae alias molestias minima. Beatae aut harum blanditiis iste.', 4, 30, '2019-10-31 08:07:26', '2019-10-31 08:07:26'),
	(394, 'Nihil quia rem fuga aliquid aliquam ut iure corrupti dignissimos rem beatae.', 'Sit pariatur numquam eligendi sit et. Nostrum sunt consectetur ad earum dignissimos et modi. Vitae omnis cum sed facere deleniti.', 2, 3, '2019-10-31 08:07:26', '2019-10-31 08:07:26'),
	(395, 'Odit qui temporibus consequatur ducimus aut et error consequatur consequatur.', 'Iure aut qui iure qui optio. Ea ut repellendus repellat ut sed ratione fugiat. Enim voluptate illo ad cum blanditiis eveniet qui. Ipsum nemo consectetur sit sed est eos dolor quo.', 1, 45, '2019-10-31 08:07:26', '2019-10-31 08:07:26'),
	(396, 'Ut et dolorem a quibusdam et recusandae aliquam.', 'Hic veniam aut nulla sapiente ut fugit. Voluptatem sit illo veniam est sint accusamus sint. Quaerat qui officiis nam repellat.', 3, 30, '2019-10-31 08:07:26', '2019-10-31 08:07:26'),
	(397, 'Magnam atque sit officia numquam accusamus in.', 'Quod quia odio aperiam. Dolorum provident cumque a aperiam. Aspernatur perspiciatis ut sequi harum est veritatis. Dolorum omnis dicta est dignissimos voluptatem dolorem.', 2, 46, '2019-10-31 08:07:26', '2019-10-31 08:07:26'),
	(398, 'Aut omnis quo laudantium voluptatem blanditiis ex doloremque.', 'Voluptatem rerum voluptate rerum officia sit sequi quaerat. Aspernatur sed qui incidunt occaecati nisi. Dolore aut dolore et voluptatum sit voluptatibus.', 3, 48, '2019-10-31 08:07:26', '2019-10-31 08:07:26'),
	(399, 'Ipsum maiores accusantium qui dolorem molestiae iste.', 'Et modi est qui ea quia nobis ut. Optio ab officiis ipsa minima ea non fugiat. Tempora voluptatem et expedita voluptate. Numquam laudantium voluptatem praesentium dolores et provident.', 2, 1, '2019-10-31 08:07:26', '2019-10-31 08:07:26'),
	(400, 'Qui ad maxime illo voluptatibus perspiciatis.', 'Molestiae iste accusantium quo qui eum. Impedit architecto et nisi est. Deleniti debitis explicabo ea illum labore.', 1, 49, '2019-10-31 08:07:26', '2019-10-31 08:07:26'),
	(401, 'Deserunt explicabo ut et quisquam maiores distinctio vel veniam.', 'Nihil nobis delectus et autem quia iusto. Saepe nostrum explicabo et aliquam. Voluptatibus laborum et quis et.', 4, 15, '2019-10-31 08:07:26', '2019-10-31 08:07:26'),
	(402, 'Consequuntur non aut nemo modi laudantium qui non modi illum ipsum.', 'Earum tenetur esse ratione quis voluptatem perferendis. Id id et quo quaerat.', 5, 31, '2019-10-31 08:07:26', '2019-10-31 08:07:26'),
	(403, 'Nihil distinctio sit debitis tempora consequatur.', 'Sint nam consequuntur nesciunt suscipit. Neque excepturi corporis est consequatur. Sint occaecati eum facere reiciendis aut. Et eligendi dolores ratione fugit.', 2, 19, '2019-10-31 08:07:26', '2019-10-31 08:07:26'),
	(404, 'Excepturi velit ut rerum tempore asperiores sit molestiae perspiciatis aliquid quia.', 'Occaecati ipsam a qui laudantium rerum adipisci est. Eum eos consequatur consectetur et. Quia aliquam hic est.', 3, 6, '2019-10-31 08:07:26', '2019-10-31 08:07:26'),
	(405, 'Molestias dignissimos optio ab eum qui minima ut qui quos.', 'Voluptates atque qui deserunt soluta. Repellat aut cupiditate eaque ipsum laboriosam error. Accusamus nostrum qui quibusdam enim consequatur qui consequatur. Nam corporis sapiente natus et ut est aut.', 5, 17, '2019-10-31 08:07:26', '2019-10-31 08:07:26'),
	(406, 'Enim et sapiente alias odio velit.', 'Soluta at non corrupti in rerum. Nisi possimus dolor omnis dolores et deleniti.', 1, 36, '2019-10-31 08:07:26', '2019-10-31 08:07:26'),
	(407, 'Rerum est fuga nisi maiores qui.', 'Aut adipisci non minus corporis. Beatae molestias pariatur veritatis hic consequuntur. Quod voluptas harum et tempore laudantium sequi pariatur.', 4, 27, '2019-10-31 08:07:26', '2019-10-31 08:07:26'),
	(408, 'Et illum ea ullam rerum est placeat vitae est reiciendis repellat.', 'Et eos accusamus et quos ea reprehenderit. Voluptas sunt et rerum commodi ut perspiciatis nobis ducimus.', 1, 4, '2019-10-31 08:07:26', '2019-10-31 08:07:26'),
	(409, 'Nulla ut dolorem voluptatibus veniam deserunt facilis voluptates omnis laboriosam.', 'Expedita minima eaque sed pariatur dolorem itaque. Debitis est laborum molestiae repellendus magni id. Velit sapiente et magni.', 1, 8, '2019-10-31 08:07:26', '2019-10-31 08:07:26'),
	(410, 'Et qui voluptas cumque harum mollitia minima natus velit eligendi cupiditate.', 'Reprehenderit est voluptatem sunt placeat illo pariatur delectus. Quis sed reiciendis illo quia non cupiditate. In exercitationem laudantium non minima. Voluptatibus atque labore nihil beatae dolor ullam quia.', 2, 45, '2019-10-31 08:07:26', '2019-10-31 08:07:26'),
	(411, 'Totam velit ab quos voluptas.', 'Sint dolorem dolor laborum voluptas ducimus est tempore. Autem iste sint saepe dignissimos consequatur consectetur dignissimos. Voluptas quae maxime saepe sint.', 5, 8, '2019-10-31 08:07:26', '2019-10-31 08:07:26'),
	(412, 'Est et magnam autem laudantium distinctio unde aspernatur ut.', 'Nemo veniam accusantium amet deleniti itaque aut aut reprehenderit. Temporibus ullam libero quia odit optio magnam sint ex.', 1, 33, '2019-10-31 08:07:26', '2019-10-31 08:07:26'),
	(413, 'Quia quisquam quasi non voluptatem rem laborum.', 'Dolorem atque quam minus dicta tenetur tempora natus. At quo quod quo. Debitis ut vel consectetur soluta et. Molestiae itaque hic asperiores temporibus. Recusandae vero porro quo praesentium et quibusdam.', 4, 22, '2019-10-31 08:07:26', '2019-10-31 08:07:26'),
	(414, 'Sapiente ipsum laboriosam reprehenderit suscipit quasi suscipit tempore sunt ut eaque ullam.', 'Labore consequatur id quibusdam tenetur. Accusamus sequi consequatur et facilis quo eum quia. Aut qui suscipit soluta veritatis cupiditate placeat quae. Labore dolor doloremque hic cupiditate laudantium repellat assumenda.', 4, 37, '2019-10-31 08:07:26', '2019-10-31 08:07:26'),
	(415, 'Excepturi quod itaque repellat et sit voluptatem.', 'Natus officia exercitationem quasi repudiandae corporis debitis molestiae. Ducimus est dicta labore et unde. Qui et quo explicabo optio dolorum excepturi aut.', 5, 5, '2019-10-31 08:07:26', '2019-10-31 08:07:26'),
	(416, 'Quae voluptatem ex velit fuga ad et veritatis commodi et.', 'Est sit qui aspernatur praesentium dignissimos. Est et sunt aut eum quo fuga voluptas possimus. Omnis fugiat aut itaque cum enim et. Error illo laborum animi ullam. Rerum harum qui sit qui et nihil accusamus.', 4, 34, '2019-10-31 08:07:26', '2019-10-31 08:07:26'),
	(417, 'Id reprehenderit non aut ullam quo dolorum dolorum qui.', 'Dolore enim beatae aut minus ducimus id. Quidem perferendis dolores accusamus molestiae saepe quaerat est dignissimos. Unde autem sit veniam iste earum voluptatem ullam.', 3, 4, '2019-10-31 08:07:26', '2019-10-31 08:07:26'),
	(418, 'Velit officia expedita quos ex in molestias ut consequatur voluptatem.', 'Consequatur est quis numquam modi iusto. Nobis illum aliquid quasi voluptas aliquam autem facilis. Qui minus suscipit eligendi qui alias non. Hic vel exercitationem tempora veniam error non soluta. Eligendi aut eligendi totam est velit odio reiciendis.', 2, 18, '2019-10-31 08:07:26', '2019-10-31 08:07:26'),
	(419, 'Aut veniam sit qui in placeat.', 'Vel porro omnis ipsum dicta nam. Totam sit eveniet accusantium autem enim voluptatem et. Libero necessitatibus ex reprehenderit cumque quia nihil.', 5, 28, '2019-10-31 08:07:26', '2019-10-31 08:07:26'),
	(420, 'Eos quis ea ut ad architecto dolorem tempore repellat.', 'Laudantium sint quod voluptatem repudiandae sit animi sit. Reiciendis consequatur nihil recusandae dolore quibusdam tempore consequatur. Ut tempore sint consectetur iusto deserunt provident.', 5, 1, '2019-10-31 08:07:26', '2019-10-31 08:07:26'),
	(421, 'Fuga similique ratione ipsum consectetur ad.', 'Ut assumenda commodi eaque soluta. Ullam quidem ipsum ullam consequatur ea nihil a ut. Sit quia vitae quidem. Qui dolor qui totam ut consectetur.', 2, 12, '2019-10-31 08:07:26', '2019-10-31 08:07:26'),
	(422, 'Sint aut quos neque voluptas.', 'Ex ratione dolor mollitia et quos molestias non. Qui rerum aut a tempore. At alias quia voluptas praesentium qui doloribus laborum provident. Qui aliquid nam illum sunt illo laboriosam qui eos.', 5, 9, '2019-10-31 08:07:26', '2019-10-31 08:07:26'),
	(423, 'Quo eaque quasi sed vel eligendi deleniti.', 'Repudiandae qui consequatur fugiat. Impedit aperiam porro impedit possimus. Molestias quo aut eligendi ea minima.', 2, 50, '2019-10-31 08:07:26', '2019-10-31 08:07:26'),
	(424, 'Ducimus sunt nam cupiditate consequuntur nam tempore.', 'Omnis et nihil unde in laboriosam et sunt. Voluptatem voluptatem quaerat placeat minus numquam non error.', 3, 45, '2019-10-31 08:07:26', '2019-10-31 08:07:26'),
	(425, 'Beatae provident impedit quis eligendi aut voluptate ut sint.', 'Nisi quidem quae fuga omnis rerum quisquam vel. Magni quae assumenda similique eos qui quia sunt. Accusamus dolor qui quibusdam.', 5, 34, '2019-10-31 08:07:26', '2019-10-31 08:07:26'),
	(426, 'Tempore fuga consequuntur omnis qui natus sequi.', 'Vero ipsa quibusdam aut itaque nam. Veniam ducimus sit laudantium cum exercitationem. Placeat et porro aspernatur temporibus maiores. Cupiditate debitis quia tempore ea eos cumque molestiae enim.', 5, 3, '2019-10-31 08:07:26', '2019-10-31 08:07:26'),
	(427, 'Animi repudiandae perspiciatis reprehenderit illo ut porro cumque.', 'Est placeat iure suscipit ad. Fuga nobis omnis reprehenderit illum. Fuga non delectus totam quos qui ipsum quo. Minima necessitatibus natus qui sit rerum quis in.', 3, 20, '2019-10-31 08:07:26', '2019-10-31 08:07:26'),
	(428, 'Tempora aspernatur sit porro dolorem et quidem.', 'Ipsa facere magnam a sunt omnis facilis. Ut maxime pariatur nisi voluptas excepturi sint adipisci quasi. Est libero ad vel aut odit recusandae consequatur. Vero eligendi necessitatibus sed molestiae.', 2, 48, '2019-10-31 08:07:26', '2019-10-31 08:07:26'),
	(429, 'Reprehenderit qui ea dolores blanditiis aliquam dolorem iusto.', 'Et fugiat iure qui cum ut placeat. Aut minima mollitia dolorem qui. Aspernatur eos vel eum nobis commodi veritatis iusto natus. Ab sit delectus consequatur ut sed in.', 2, 4, '2019-10-31 08:07:26', '2019-10-31 08:07:26'),
	(430, 'Velit maiores explicabo veritatis delectus soluta omnis laudantium ut soluta reprehenderit.', 'Ex ducimus natus occaecati totam. Et sunt ad accusantium distinctio autem eveniet. Reprehenderit adipisci minima quis harum aut. Id dicta vero ullam qui sint quam.', 5, 41, '2019-10-31 08:07:26', '2019-10-31 08:07:26'),
	(431, 'Nostrum qui enim provident tempore dolorum itaque sint.', 'Sequi ullam maxime rerum voluptates repellendus. Illum recusandae a vero sit. Adipisci tempora quis praesentium suscipit illo ipsam. Et aperiam voluptas aut culpa et ipsa voluptas.', 5, 13, '2019-10-31 08:07:26', '2019-10-31 08:07:26'),
	(432, 'Maiores maiores sit laudantium architecto et consequatur corrupti ipsum pariatur nihil voluptatem.', 'Modi assumenda ut accusantium. Exercitationem laboriosam cumque illum praesentium illo quisquam. Adipisci dolores necessitatibus quis aspernatur voluptas. Ut optio et quasi et sint.', 1, 44, '2019-10-31 08:07:26', '2019-10-31 08:07:26'),
	(433, 'In consequuntur sunt maxime reiciendis id tempore.', 'Nulla nobis commodi quos sed sequi doloribus. Voluptatibus mollitia est eveniet eius et distinctio ut cumque. Mollitia laboriosam blanditiis qui unde et doloremque expedita. Dolores voluptate labore laudantium ab.', 3, 47, '2019-10-31 08:07:26', '2019-10-31 08:07:26'),
	(434, 'Explicabo occaecati velit vero dolorem voluptates mollitia consequuntur sed.', 'Ratione tempora ipsa commodi odio vitae quibusdam molestias quas. Quaerat magnam non qui ipsa nemo accusantium id totam. Voluptatem consequatur occaecati repellat alias reiciendis velit. Delectus voluptatem quibusdam aut unde dolor aut.', 1, 39, '2019-10-31 08:07:26', '2019-10-31 08:07:26'),
	(435, 'Et quia esse officiis rem exercitationem ut.', 'Ipsam ut libero eum sequi. Fuga distinctio nesciunt animi quis molestias. Enim et tenetur aut architecto enim. Eaque est accusamus consequatur laborum.', 4, 11, '2019-10-31 08:07:26', '2019-10-31 08:07:26'),
	(436, 'Dolor earum nisi aut dignissimos reiciendis quam et facere a.', 'Consequatur fugit qui est incidunt vel consectetur asperiores. Repellat iste quis nisi eaque veritatis. Ea est numquam aut mollitia.', 2, 33, '2019-10-31 08:07:26', '2019-10-31 08:07:26'),
	(437, 'Eaque et necessitatibus eos quia.', 'Aliquid et temporibus ex molestias sit natus. Eius eaque facilis corporis doloribus laudantium iste aut. Eos et odio minus tenetur.', 4, 21, '2019-10-31 08:07:26', '2019-10-31 08:07:26'),
	(438, 'Quidem et molestias ea aut aut magni sint minus doloribus.', 'Vitae mollitia rerum sed ipsum ipsa molestias non. Nemo non ad ea ut voluptas. Qui ut consequatur vel eos. Molestias qui quisquam est iusto sequi rerum quod. Tempora vel expedita quidem sunt fugit.', 2, 25, '2019-10-31 08:07:26', '2019-10-31 08:07:26'),
	(439, 'Quo quaerat praesentium officiis sint autem minus hic facere.', 'Ut autem maxime velit eligendi aut quo et. Soluta dolorem est voluptatibus ipsum esse est vel. Et et atque in explicabo. Sapiente non perspiciatis quibusdam dicta eligendi iusto velit. Nemo repellendus sint voluptatem.', 4, 34, '2019-10-31 08:07:26', '2019-10-31 08:07:26'),
	(440, 'Earum at et repudiandae consectetur ad.', 'Commodi ea ex praesentium quam et sed harum. Debitis quam repellendus non saepe. Pariatur voluptas omnis hic.', 5, 14, '2019-10-31 08:07:26', '2019-10-31 08:07:26'),
	(441, 'Voluptatem reprehenderit et sapiente veniam vero.', 'Soluta esse tenetur dolor. Molestias fugit tempora ut sed. Quam qui non eos ratione occaecati id. Molestiae unde non facere error.', 1, 6, '2019-10-31 08:07:26', '2019-10-31 08:07:26'),
	(442, 'Perferendis iure exercitationem omnis quaerat consectetur.', 'Cum dolores magnam hic repudiandae qui. Voluptates sapiente quidem voluptate dolorum ipsa ut. Corrupti nihil veniam fuga exercitationem eos dolores. Ratione aut quis sapiente.', 3, 28, '2019-10-31 08:07:26', '2019-10-31 08:07:26'),
	(443, 'Sed architecto culpa corrupti accusantium unde qui et quasi numquam.', 'Delectus et voluptas accusamus deleniti voluptas reiciendis eius. Ducimus eos voluptatem dolor illo distinctio aut. Et laboriosam autem tempora. Ut aut placeat nisi aperiam nesciunt quidem modi.', 1, 3, '2019-10-31 08:07:26', '2019-10-31 08:07:26'),
	(444, 'Est ducimus qui unde perspiciatis dicta eveniet vero.', 'Incidunt ipsa nesciunt sed quia est aliquid architecto. Consequatur est at neque rerum quo. Facere rem et id enim. Eum nulla dolorem ipsum dolorum ducimus modi. Et nesciunt consequatur saepe sed voluptatem consequatur.', 1, 44, '2019-10-31 08:07:26', '2019-10-31 08:07:26'),
	(445, 'Eos ea est earum harum quasi debitis porro rerum.', 'Iusto recusandae non et dolores. Explicabo animi explicabo voluptatem aspernatur.', 5, 10, '2019-10-31 08:07:26', '2019-10-31 08:07:26'),
	(446, 'Iusto aperiam consequuntur itaque aut excepturi mollitia nihil quia rerum aut.', 'Tempore eum ut voluptatem est repudiandae. Accusamus provident incidunt eum eum est. Voluptatem qui repudiandae nihil sed dolorem. Blanditiis voluptas ipsum iusto dolor animi.', 5, 44, '2019-10-31 08:07:26', '2019-10-31 08:07:26'),
	(447, 'Earum est autem accusamus sapiente quas deleniti assumenda dolor reprehenderit.', 'Officiis ut ad fugiat sunt corrupti adipisci. Neque veniam architecto sint deserunt doloribus. Sunt debitis incidunt atque molestiae sed omnis. Vel occaecati praesentium laborum aut.', 5, 36, '2019-10-31 08:07:26', '2019-10-31 08:07:26'),
	(448, 'Tenetur aspernatur minus enim est vitae ullam eos soluta natus et.', 'Ullam quis et ut perferendis. Quia officia quasi aut minima at porro. Rerum ad consectetur voluptatibus ratione. Laboriosam enim ut cupiditate odit.', 2, 40, '2019-10-31 08:07:26', '2019-10-31 08:07:26'),
	(449, 'Ut explicabo sint possimus et.', 'Et dolor consectetur rerum quaerat libero esse in. Iste provident aliquid veniam earum. Est mollitia expedita aut accusamus eveniet rerum voluptas. Exercitationem nam non dolorem sit culpa earum.', 1, 20, '2019-10-31 08:07:26', '2019-10-31 08:07:26'),
	(450, 'Deleniti natus sunt dolores maxime architecto.', 'Officia nisi nobis aspernatur aut odit commodi. Incidunt quae autem consequatur et.', 3, 23, '2019-10-31 08:07:26', '2019-10-31 08:07:26'),
	(451, 'Adipisci ab sint rerum voluptatem nisi reprehenderit veniam quidem commodi.', 'Et quis tempora quidem optio voluptas voluptates. Molestiae libero perferendis itaque qui. Adipisci et cupiditate et ipsa et ratione ab. Temporibus reiciendis alias et est qui.', 2, 36, '2019-10-31 08:07:26', '2019-10-31 08:07:26'),
	(452, 'Earum qui autem sunt nam ad.', 'Reiciendis similique ea cum modi nesciunt dolorum dolorem est. Velit exercitationem deleniti reiciendis in et maxime. Quod itaque impedit ad veniam.', 2, 13, '2019-10-31 08:07:26', '2019-10-31 08:07:26'),
	(453, 'Ducimus eum totam rem nisi et est est veniam.', 'Omnis nam hic odio aut. Quasi delectus sunt et architecto rerum.', 3, 26, '2019-10-31 08:07:26', '2019-10-31 08:07:26'),
	(454, 'Porro voluptas voluptas voluptate dignissimos officia numquam.', 'Qui dolor mollitia esse sunt similique. Et dolore libero odit quaerat et aperiam sed. Neque accusamus fugiat necessitatibus mollitia.', 1, 27, '2019-10-31 08:07:26', '2019-10-31 08:07:26'),
	(455, 'Voluptatem sit beatae et et eveniet animi suscipit sint voluptas provident.', 'Impedit at ipsa vel ratione vel adipisci. Nisi sit accusantium ab ex iusto placeat enim. Repellendus iure rerum dolorem quis rerum. Tenetur architecto quod enim necessitatibus eos.', 4, 21, '2019-10-31 08:07:26', '2019-10-31 08:07:26'),
	(456, 'Corrupti totam accusamus sed vitae sit.', 'Qui perspiciatis aut eum voluptate quia ad soluta. Dolorem error est et at aliquid. Temporibus dolorem aliquid eum rerum voluptatem.', 5, 25, '2019-10-31 08:07:26', '2019-10-31 08:07:26'),
	(457, 'Sed et et itaque rerum non necessitatibus.', 'Et voluptas et ipsum omnis veritatis eum. Consequuntur ducimus sequi inventore quo eaque. Et quia nisi quisquam modi.', 1, 30, '2019-10-31 08:07:26', '2019-10-31 08:07:26'),
	(458, 'Est at deleniti voluptate unde laboriosam quia.', 'Veniam vel iure corporis sint. Eum voluptatem autem voluptas quos vitae.', 1, 1, '2019-10-31 08:07:26', '2019-10-31 08:07:26'),
	(459, 'Ipsum aut nesciunt et enim quas alias non aut suscipit facilis.', 'Sed cumque ut corporis. Est est nemo doloremque asperiores. Numquam voluptas velit iure esse. Ut non dolore maiores sed.', 2, 42, '2019-10-31 08:07:26', '2019-10-31 08:07:26'),
	(460, 'Sit qui ex tempora error tenetur eveniet animi aperiam.', 'Molestiae atque hic eveniet doloribus impedit. Quia reiciendis illo adipisci placeat illo. Voluptatem officiis ipsum facere repellat et hic quod.', 4, 30, '2019-10-31 08:07:26', '2019-10-31 08:07:26'),
	(461, 'Saepe beatae eveniet omnis est et consequatur aut rem fuga.', 'Et quo temporibus quod vel consequatur excepturi. Iste suscipit voluptas quia ea. Praesentium rerum est in incidunt sunt voluptas.', 5, 45, '2019-10-31 08:07:26', '2019-10-31 08:07:26'),
	(462, 'Consectetur adipisci voluptatem laborum perspiciatis laboriosam atque et soluta ducimus possimus.', 'Natus voluptas reprehenderit possimus iste nam. Sequi quia repudiandae dicta repellendus nihil. Voluptatum et facilis ut reiciendis.', 1, 15, '2019-10-31 08:07:26', '2019-10-31 08:07:26'),
	(463, 'Rerum nam vero sed sit culpa sed.', 'Rerum sed expedita eaque iure. Nobis molestias laboriosam commodi excepturi sit. Delectus impedit omnis quo consequatur.', 2, 24, '2019-10-31 08:07:26', '2019-10-31 08:07:26'),
	(464, 'Asperiores aut velit ad nulla quidem nisi deserunt at ut.', 'Explicabo voluptatum sapiente ipsa et. Asperiores quisquam ea nam. Vel magni labore repellat non exercitationem laudantium. Nihil tempore dolor in molestiae assumenda.', 5, 26, '2019-10-31 08:07:26', '2019-10-31 08:07:26'),
	(465, 'In beatae minima qui iusto dolor sunt nesciunt eius ut perspiciatis.', 'Non eaque ea sunt. Neque ullam rerum aut quia distinctio provident. Optio dolorum aut et at.', 2, 21, '2019-10-31 08:07:26', '2019-10-31 08:07:26'),
	(466, 'Inventore vitae itaque eum modi quasi corporis doloribus voluptas natus atque.', 'Odio necessitatibus qui aut eum et numquam. Dolor omnis tenetur eveniet autem quia. Porro porro architecto blanditiis magnam dolor assumenda porro impedit. Ipsam illum nihil numquam molestiae officiis assumenda.', 3, 9, '2019-10-31 08:07:26', '2019-10-31 08:07:26'),
	(467, 'Est aut neque quod dicta autem minus quae eum dicta.', 'Veritatis asperiores autem velit beatae. Recusandae quo dolore aliquam non doloremque est dicta. Sit blanditiis excepturi ipsam quod officia. Ut voluptatem dicta ducimus quod est dolore.', 2, 9, '2019-10-31 08:07:26', '2019-10-31 08:07:26'),
	(468, 'Et repellat sapiente laborum fugiat et.', 'Voluptas quia sit nesciunt aut ut voluptatem. Laboriosam voluptatem aut molestias quia illum impedit occaecati. Ullam est ut aut eos non modi non.', 1, 45, '2019-10-31 08:07:26', '2019-10-31 08:07:26'),
	(469, 'Exercitationem optio saepe dolorem vel ullam enim tempore delectus sequi.', 'Alias quis dolor qui illo blanditiis accusantium quod. Laudantium nostrum earum aut perspiciatis perferendis. Cumque commodi quibusdam voluptate asperiores.', 2, 15, '2019-10-31 08:07:26', '2019-10-31 08:07:26'),
	(470, 'Eos id nesciunt culpa ab at quia voluptatem reprehenderit.', 'Qui dicta quia ut consequatur veniam et. Labore aliquam maxime quidem voluptatibus officiis et dolores. Et voluptatibus adipisci dolorum molestiae. Consequatur perferendis fugiat dolorem nihil.', 3, 3, '2019-10-31 08:07:26', '2019-10-31 08:07:26'),
	(471, 'Quae eum vel quos consectetur nam odio odio sit.', 'Perferendis vel dolorem et facilis dolorum. Alias accusamus inventore non tenetur eos aperiam est. Quia mollitia quis voluptatum maxime.', 1, 16, '2019-10-31 08:07:26', '2019-10-31 08:07:26'),
	(472, 'Ut ipsa quis quisquam facere omnis cupiditate delectus inventore dolor officiis.', 'Suscipit dolorum architecto aut minima cum neque ut accusantium. A debitis iure id quae. Nostrum dignissimos qui consequatur dolorem.', 1, 47, '2019-10-31 08:07:26', '2019-10-31 08:07:26'),
	(473, 'Et non harum cum fuga omnis hic placeat consequatur.', 'Vitae aperiam ad maiores cum. At inventore minus corporis mollitia maxime. Voluptatem laudantium molestias similique aut cupiditate aliquam cupiditate nemo.', 2, 31, '2019-10-31 08:07:26', '2019-10-31 08:07:26'),
	(474, 'Deleniti non velit maxime quos rerum dolor modi ratione nostrum impedit distinctio.', 'Ducimus ut recusandae qui consectetur. Molestiae error nisi nisi autem tenetur possimus ad suscipit. Aut a voluptas rem enim suscipit. Voluptate illum aut ut blanditiis voluptatem fuga.', 4, 38, '2019-10-31 08:07:26', '2019-10-31 08:07:26'),
	(475, 'Quibusdam et quaerat amet minus quidem facilis iure.', 'Omnis qui ea ut minus sed. Nostrum non est facilis non molestias inventore. Quia vel enim qui qui. Magnam at blanditiis ut omnis numquam.', 2, 14, '2019-10-31 08:07:26', '2019-10-31 08:07:26'),
	(476, 'Modi quo consectetur voluptas totam distinctio officiis dicta architecto assumenda ut qui.', 'Fugit aut qui enim. Eos minima laboriosam consequuntur eligendi quidem error. Labore et sint aut aperiam omnis quaerat similique nesciunt.', 2, 25, '2019-10-31 08:07:26', '2019-10-31 08:07:26'),
	(477, 'Reprehenderit sint eum voluptatum sit iusto.', 'Nesciunt cumque natus temporibus. Fugiat laborum quo magni. Eum veniam rerum ut occaecati aut rerum deserunt corrupti.', 4, 41, '2019-10-31 08:07:26', '2019-10-31 08:07:26'),
	(478, 'Dolorem ut excepturi occaecati libero cumque tempora.', 'Sit provident consequatur totam et. Nisi soluta dolor error odit. Qui voluptate molestiae et nemo nemo mollitia. Quidem repellendus explicabo modi expedita vero rem.', 1, 32, '2019-10-31 08:07:26', '2019-10-31 08:07:26'),
	(479, 'Iste et possimus numquam at.', 'Consectetur earum aperiam dolor quos quia. Aut et quia distinctio voluptatibus dolores doloribus. Sunt perspiciatis facere sed qui corporis dolorem.', 4, 42, '2019-10-31 08:07:26', '2019-10-31 08:07:26'),
	(480, 'Inventore vitae dolore eius rerum repellendus perferendis corporis.', 'Doloremque facere quo cupiditate rem culpa. Sequi quam repudiandae nesciunt. Culpa aut earum enim nemo itaque. Consequatur vel quia dolores fugiat quas ipsam tempora voluptatem.', 2, 39, '2019-10-31 08:07:26', '2019-10-31 08:07:26'),
	(481, 'Et accusamus dolores voluptatem repellendus magnam in.', 'Expedita quia dignissimos eum id quasi consectetur reprehenderit. Ratione deserunt maxime sit distinctio earum iure. Aut error suscipit et eaque accusamus voluptas aspernatur. Corrupti debitis labore ab adipisci minima.', 5, 50, '2019-10-31 08:07:26', '2019-10-31 08:07:26'),
	(482, 'Eos iste soluta odio id repellat officia.', 'Temporibus exercitationem ut consequatur ea veritatis eligendi. Et repellat non quo ut. Rerum dolore libero reiciendis ab. Impedit repellat repellat qui odio voluptatem consequuntur nesciunt.', 5, 48, '2019-10-31 08:07:26', '2019-10-31 08:07:26'),
	(483, 'Labore ipsa cupiditate voluptatem cumque excepturi fuga provident et sint laborum.', 'Ab porro deleniti non voluptatum porro. Dolor dolor quae facere at eveniet nihil. Culpa hic vel laboriosam.', 1, 31, '2019-10-31 08:07:26', '2019-10-31 08:07:26'),
	(484, 'Amet corrupti illo eveniet aut vitae.', 'Nam iusto accusantium eius ullam quisquam aliquam quod. Quo et nostrum quo et accusantium. Est occaecati voluptate omnis expedita.', 1, 7, '2019-10-31 08:07:26', '2019-10-31 08:07:26'),
	(485, 'Et totam quam illo consectetur laboriosam.', 'Consequatur qui nulla sit quia voluptas libero cupiditate suscipit. Nesciunt voluptatem aliquam magni alias cum. Iste qui facere sed consequatur. Illum ullam veritatis reprehenderit aliquam vel tempore.', 3, 38, '2019-10-31 08:07:26', '2019-10-31 08:07:26'),
	(486, 'Illo modi nemo debitis expedita distinctio adipisci sed.', 'Corrupti ipsum in est nobis mollitia. Quod totam sint neque illum quam molestiae excepturi. Odio eligendi fugit deleniti deleniti qui. Debitis quidem sit consectetur in maiores provident et impedit. Voluptatum numquam consectetur non sit veritatis quis.', 1, 2, '2019-10-31 08:07:26', '2019-10-31 08:07:26'),
	(487, 'Delectus numquam dolor minus eaque totam qui vel.', 'Praesentium fuga necessitatibus corporis dolor dolorem consequatur voluptates. Nisi blanditiis nemo nisi neque dolorum. Qui nostrum et sapiente accusamus eveniet voluptatum atque.', 2, 27, '2019-10-31 08:07:26', '2019-10-31 08:07:26'),
	(488, 'Id a provident qui dolores veritatis reprehenderit animi.', 'Soluta aperiam suscipit totam libero eaque quo commodi error. Qui nemo quia est laboriosam vitae ipsa voluptatem. Qui ea quia non quibusdam optio cumque quod. Nihil atque excepturi ab maiores dolor ut.', 4, 14, '2019-10-31 08:07:26', '2019-10-31 08:07:26'),
	(489, 'Omnis excepturi harum cum veniam perferendis similique minima.', 'Eveniet repellendus qui et adipisci ullam totam voluptas. Aliquam sunt odio quaerat sed ullam. Repellat distinctio non molestiae consequatur. Aut libero qui libero ea.', 1, 28, '2019-10-31 08:07:26', '2019-10-31 08:07:26'),
	(490, 'Facere minima perspiciatis maxime eius est aspernatur in non ut.', 'Dignissimos et est similique. Libero facilis modi exercitationem aspernatur cupiditate ut. Sed ad aperiam enim sed velit odit odit.', 4, 7, '2019-10-31 08:07:26', '2019-10-31 08:07:26'),
	(491, 'Officia autem accusamus voluptas sint aperiam est nisi et quia ab.', 'Tempore at sapiente excepturi velit consequuntur tempore. Ut omnis nesciunt alias aliquam non sit vitae id. Inventore debitis eum atque mollitia dolores vero.', 1, 37, '2019-10-31 08:07:27', '2019-10-31 08:07:27'),
	(492, 'Ipsum eos fuga voluptatum voluptas eius voluptas.', 'Cumque voluptatem expedita aut ipsa asperiores eos. Cupiditate dolores a ipsam eaque. Sit et pariatur aut voluptas in sed quia. In pariatur fugit qui eos ut.', 4, 1, '2019-10-31 08:07:27', '2019-10-31 08:07:27'),
	(493, 'Autem dolor reiciendis in rerum facilis aspernatur id voluptatem.', 'Doloremque molestiae aut nobis vero sint. Sint ipsam occaecati dolorum eligendi qui quia.', 5, 31, '2019-10-31 08:07:27', '2019-10-31 08:07:27'),
	(494, 'Voluptas blanditiis voluptas dolorum maiores.', 'Quia saepe magnam error modi animi autem eius quis. Voluptatem vitae sint voluptatum quod. Aut eum alias soluta quaerat.', 2, 42, '2019-10-31 08:07:27', '2019-10-31 08:07:27'),
	(495, 'Asperiores omnis rerum odio inventore laudantium similique magni sit.', 'Ut laborum sunt alias voluptatum molestiae explicabo incidunt sequi. Sit sequi quasi maxime temporibus sed alias. Quia et deleniti quia cum ut voluptas cupiditate.', 2, 40, '2019-10-31 08:07:27', '2019-10-31 08:07:27'),
	(496, 'Molestiae ducimus cumque velit dolorem voluptatem velit cupiditate nisi aut rerum.', 'Laborum fugiat eveniet ipsa et soluta blanditiis. Nulla aut et maiores. Tempora perspiciatis omnis et quos est unde.', 1, 17, '2019-10-31 08:07:27', '2019-10-31 08:07:27'),
	(497, 'Nisi iusto repellendus corporis quos illum vel.', 'Consectetur et et vel non ex. Velit odit velit laborum praesentium nulla porro molestiae. Labore dolores asperiores voluptas laudantium consequatur rem. Eos itaque fugit iste. Quo impedit ducimus libero.', 1, 12, '2019-10-31 08:07:27', '2019-10-31 08:07:27'),
	(498, 'Architecto qui expedita corporis autem ut cumque corrupti.', 'Consequatur voluptatum vel dolores et vitae totam magnam occaecati. Natus totam qui vero veniam quos nostrum.', 4, 13, '2019-10-31 08:07:27', '2019-10-31 08:07:27'),
	(499, 'Autem reiciendis non quasi vel delectus vel amet corrupti aut.', 'Ut et error maxime. Est et omnis molestiae laboriosam minima deserunt. Repellendus ut placeat placeat et quas ut.', 4, 46, '2019-10-31 08:07:27', '2019-10-31 08:07:27'),
	(500, 'Quia itaque repellat voluptates perferendis totam.', 'Ex maiores distinctio id aspernatur omnis. Distinctio rerum omnis minus qui. Eum maxime dolorum temporibus et voluptas aut.', 4, 38, '2019-10-31 08:07:27', '2019-10-31 08:07:27');
/*!40000 ALTER TABLE `posts` ENABLE KEYS */;

-- Dumping structure for table site.tags
DROP TABLE IF EXISTS `tags`;
CREATE TABLE IF NOT EXISTS `tags` (
  `id` bigint(20) unsigned NOT NULL AUTO_INCREMENT,
  `created_at` timestamp NULL DEFAULT NULL,
  `updated_at` timestamp NULL DEFAULT NULL,
  PRIMARY KEY (`id`)
) ENGINE=InnoDB DEFAULT CHARSET=utf8mb4 COLLATE=utf8mb4_unicode_ci;

-- Dumping data for table site.tags: ~0 rows (approximately)
/*!40000 ALTER TABLE `tags` DISABLE KEYS */;
/*!40000 ALTER TABLE `tags` ENABLE KEYS */;

-- Dumping structure for table site.users
DROP TABLE IF EXISTS `users`;
CREATE TABLE IF NOT EXISTS `users` (
  `id` bigint(20) unsigned NOT NULL AUTO_INCREMENT,
  `name` varchar(255) COLLATE utf8mb4_unicode_ci NOT NULL,
  `email` varchar(255) COLLATE utf8mb4_unicode_ci NOT NULL,
  `email_verified_at` timestamp NULL DEFAULT NULL,
  `password` varchar(255) COLLATE utf8mb4_unicode_ci NOT NULL,
  `remember_token` varchar(100) COLLATE utf8mb4_unicode_ci DEFAULT NULL,
  `created_at` timestamp NULL DEFAULT NULL,
  `updated_at` timestamp NULL DEFAULT NULL,
  PRIMARY KEY (`id`),
  UNIQUE KEY `users_email_unique` (`email`)
) ENGINE=InnoDB AUTO_INCREMENT=6 DEFAULT CHARSET=utf8mb4 COLLATE=utf8mb4_unicode_ci;

-- Dumping data for table site.users: ~5 rows (approximately)
/*!40000 ALTER TABLE `users` DISABLE KEYS */;
REPLACE INTO `users` (`id`, `name`, `email`, `email_verified_at`, `password`, `remember_token`, `created_at`, `updated_at`) VALUES
	(1, 'Aleen Hansen', 'lyda83@example.net', '2019-10-31 08:07:22', '$2y$10$92IXUNpkjO0rOQ5byMi.Ye4oKoEa3Ro9llC/.og/at2.uheWG/igi', '72BrmkZycd', '2019-10-31 08:07:22', '2019-10-31 08:07:22'),
	(2, 'Sid Considine', 'nasir87@example.net', '2019-10-31 08:07:22', '$2y$10$92IXUNpkjO0rOQ5byMi.Ye4oKoEa3Ro9llC/.og/at2.uheWG/igi', 'ZUiTR0l5wx', '2019-10-31 08:07:22', '2019-10-31 08:07:22'),
	(3, 'Dr. Warren Botsford II', 'holden.ondricka@example.org', '2019-10-31 08:07:22', '$2y$10$92IXUNpkjO0rOQ5byMi.Ye4oKoEa3Ro9llC/.og/at2.uheWG/igi', 'JibGB3KN2X', '2019-10-31 08:07:22', '2019-10-31 08:07:22'),
	(4, 'Prof. Karley Murray I', 'howell.maxime@example.net', '2019-10-31 08:07:22', '$2y$10$92IXUNpkjO0rOQ5byMi.Ye4oKoEa3Ro9llC/.og/at2.uheWG/igi', 'd6St2mK6pR', '2019-10-31 08:07:22', '2019-10-31 08:07:22'),
	(5, 'Margot Gottlieb', 'kasandra.walker@example.org', '2019-10-31 08:07:22', '$2y$10$92IXUNpkjO0rOQ5byMi.Ye4oKoEa3Ro9llC/.og/at2.uheWG/igi', 'fIgWKR1D3c', '2019-10-31 08:07:22', '2019-10-31 08:07:22');
/*!40000 ALTER TABLE `users` ENABLE KEYS */;

/*!40101 SET SQL_MODE=IFNULL(@OLD_SQL_MODE, '') */;
/*!40014 SET FOREIGN_KEY_CHECKS=IF(@OLD_FOREIGN_KEY_CHECKS IS NULL, 1, @OLD_FOREIGN_KEY_CHECKS) */;
/*!40101 SET CHARACTER_SET_CLIENT=@OLD_CHARACTER_SET_CLIENT */;
